Workbook

Sheet Palinsesto
B2: =IFERROR(MATCH($D$2,Partite!F1:F3000,0)-1,"Non ci sono Partite") -> 1076 | C2: Data | D2: =TODAY()+1 -> 46227
C4: Campionato | D4: Giornata | E4: Data | F4: Ora | G4: Squadra | H4: V | I4: P | J4: S | K4: GF | L4: GS | M4: Diff. Reti | N4: Punti | O4: Pos. | P4: Forma1 | Q4: Forma2 | R4: Forma3 | S4: Forma4 | T4: Forma5 | U4: % | V4: Diff. | W4: 12+U 4,5 | X4: % | Y4: Multigol | Z4: % | AA4: Over 1,5 | AB4: % | AC4: 0-2 | AD4: 1-3 | AE4: 2-5
B6: 1 | C6: =VLOOKUP($B$2+B6,Partite!$A$1:$AE$3000,2,FALSE) -> Allsvenskan | D6: =VLOOKUP($B$2+B6,Partite!$A$1:$AE$3000,4,FALSE) -> 14 | E6: =VLOOKUP($B$2+B6,Partite!$A$1:$AE$3000,6,FALSE) -> 46227 | F6: =VLOOKUP($B$2+B6,Partite!$A$1:$AE$3000,7,FALSE) -> 19:00 | G6: =VLOOKUP($B$2+B6,Partite!$A$1:$AE$3000,8,FALSE) -> Västerås | H6: =IFERROR(VLOOKUP(G6,Classifica!$C$2:$R$131,3,FALSE),"") -> 5 | I6: =IFERROR(VLOOKUP(G6,Classifica!$C$2:$R$131,4,FALSE),"") -> 4 | J6: =IFERROR(VLOOKUP(G6,Classifica!$C$2:$R$131,5,FALSE),"") -> 4 | K6: =IFERROR(VLOOKUP(G6,Classifica!$C$2:$R$131,6,FALSE),"") -> 22 | L6: =IFERROR(VLOOKUP(G6,Classifica!$C$2:$R$131,7,FALSE),"") -> 23 | M6: =IFERROR(VLOOKUP(G6,Classifica!$C$2:$R$131,8,FALSE),"") -> -1 | N6: =IFERROR(VLOOKUP(G6,Classifica!$C$2:$R$131,9,FALSE),"") -> 19 | O6: =IFERROR(VLOOKUP(G6,Classifica!$C$2:$R$131,16,FALSE),"") -> 8 | P6: =IFERROR(MID(INDEX(Classifica!M:M, MATCH(G6, Classifica!C:C, 0)), 1, 1), "") -> W | Q6: =IFERROR(MID(INDEX(Classifica!M:M, MATCH(G6, Classifica!C:C, 0)), 3, 1), "") -> L | R6: =IFERROR(MID(INDEX(Classifica!M:M, MATCH(G6, Classifica!C:C, 0)), 5, 1), "") -> W | S6: =IFERROR(MID(INDEX(Classifica!M:M, MATCH(G6, Classifica!C:C, 0)), 7, 1), "") -> W | T6: =IFERROR(MID(INDEX(Classifica!M:M, MATCH(G6, Classifica!C:C, 0)), 9, 1), "") -> D | U6: =IFERROR(IF(P6="","",COUNTIF(P6:T6,"W")*20+COUNTIF(P6:T6,"D")*7),"") -> 67 | V6: =IFERROR(ABS(U6-U7),"") -> 40 | W6: =COUNTIFS(Partite!$V:$V,1,Partite!$H:$H,Palinsesto!G6)+COUNTIFS(Partite!$V:$V,1,Partite!$J:$J,Palinsesto!G6) -> 6 | X6: =IFERROR(AVERAGE(IFERROR(INT(W6/(SUM(H6:J6))*100),""),IFERROR(INT(W7/(SUM(H7:J7))*100),"")),"") -> 48 | Y6: =INDEX(AC$4:AE$4, MATCH(MAX(AC6:AE6), AC6:AE6, 0)) -> 0-2 | Z6: =IFERROR(INT((LARGE(AC6:AE6,1)/SUM(H6:J6))*100),"") -> 69 | AA6: =COUNTIFS(Partite!$W:$W,1,Partite!$H:$H,Palinsesto!G6)+COUNTIFS(Partite!$W:$W,1,Partite!$J:$J,Palinsesto!G6) -> 10 | AB6: =IFERROR(INT(AVERAGE(AA6/(SUM(H6:J6))*100,(AA7/(SUM(H7:J7))*100))),"") -> 88 | AC6: =COUNTIFS(Partite!$X:$X,1,Partite!$H:$H,Palinsesto!G6)+COUNTIFS(Partite!$X:$X,1,Partite!$J:$J,Palinsesto!G6) -> 9 | AD6: =COUNTIFS(Partite!$Y:$Y,1,Partite!$H:$H,Palinsesto!G6)+COUNTIFS(Partite!$Y:$Y,1,Partite!$J:$J,Palinsesto!G6) -> 8 | AE6: =COUNTIFS(Partite!$Z:$Z,1,Partite!$H:$H,Palinsesto!G6)+COUNTIFS(Partite!$Z:$Z,1,Partite!$J:$J,Palinsesto!G6) -> 7
G7: =VLOOKUP($B$2+B6,Partite!$A$1:$AE$3000,10,FALSE) -> Örgryte | H7: =IFERROR(VLOOKUP(G7,Classifica!$C$2:$R$131,3,FALSE),"") -> 2 | I7: =IFERROR(VLOOKUP(G7,Classifica!$C$2:$R$131,4,FALSE),"") -> 3 | J7: =IFERROR(VLOOKUP(G7,Classifica!$C$2:$R$131,5,FALSE),"") -> 7 | K7: =IFERROR(VLOOKUP(G7,Classifica!$C$2:$R$131,6,FALSE),"") -> 14 | L7: =IFERROR(VLOOKUP(G7,Classifica!$C$2:$R$131,7,FALSE),"") -> 31 | M7: =IFERROR(VLOOKUP(G7,Classifica!$C$2:$R$131,8,FALSE),"") -> -17 | N7: =IFERROR(VLOOKUP(G7,Classifica!$C$2:$R$131,9,FALSE),"") -> 9 | O7: =IFERROR(VLOOKUP(G7,Classifica!$C$2:$R$131,16,FALSE),"") -> 15 | P7: =IFERROR(MID(INDEX(Classifica!M:M, MATCH(G7, Classifica!C:C, 0)), 1, 1), "") -> L | Q7: =IFERROR(MID(INDEX(Classifica!M:M, MATCH(G7, Classifica!C:C, 0)), 3, 1), "") -> L | R7: =IFERROR(MID(INDEX(Classifica!M:M, MATCH(G7, Classifica!C:C, 0)), 5, 1), "") -> D | S7: =IFERROR(MID(INDEX(Classifica!M:M, MATCH(G7, Classifica!C:C, 0)), 7, 1), "") -> L | T7: =IFERROR(MID(INDEX(Classifica!M:M, MATCH(G7, Classifica!C:C, 0)), 9, 1), "") -> W | U7: =IFERROR(IF(P7="","",COUNTIF(P7:T7,"W")*20+COUNTIF(P7:T7,"D")*7),"") -> 27 | W7: =COUNTIFS(Partite!$V:$V,1,Partite!$H:$H,Palinsesto!G7)+COUNTIFS(Partite!$V:$V,1,Partite!$J:$J,Palinsesto!G7) -> 6 | Y7: =INDEX(AC$4:AE$4, MATCH(MAX(AC7:AE7), AC7:AE7, 0)) -> 0-2 | Z7: =IFERROR(INT((LARGE(AC7:AE7,1)/SUM(H7:J7))*100),"") -> 75 | AA7: =COUNTIFS(Partite!$W:$W,1,Partite!$H:$H,Palinsesto!G7)+COUNTIFS(Partite!$W:$W,1,Partite!$J:$J,Palinsesto!G7) -> 12 | AC7: =COUNTIFS(Partite!$X:$X,1,Partite!$H:$H,Palinsesto!G7)+COUNTIFS(Partite!$X:$X,1,Partite!$J:$J,Palinsesto!G7) -> 9 | AD7: =COUNTIFS(Partite!$Y:$Y,1,Partite!$H:$H,Palinsesto!G7)+COUNTIFS(Partite!$Y:$Y,1,Partite!$J:$J,Palinsesto!G7) -> 8 | AE7: =COUNTIFS(Partite!$Z:$Z,1,Partite!$H:$H,Palinsesto!G7)+COUNTIFS(Partite!$Z:$Z,1,Partite!$J:$J,Palinsesto!G7) -> 7
B9: =B6+1 -> 2 | C9: =VLOOKUP($B$2+B9,Partite!$A$1:$AE$3000,2,FALSE) -> Danish | D9: =VLOOKUP($B$2+B9,Partite!$A$1:$AE$3000,4,FALSE) -> 1 | E9: =VLOOKUP($B$2+B9,Partite!$A$1:$AE$3000,6,FALSE) -> 46227 | F9: =VLOOKUP($B$2+B9,Partite!$A$1:$AE$3000,7,FALSE) -> 19:00 | G9: =VLOOKUP($B$2+B9,Partite!$A$1:$AE$3000,8,FALSE) -> Viborg | H9: =IFERROR(VLOOKUP(G9,Classifica!$C$2:$R$131,3,FALSE),"") -> 0 | I9: =IFERROR(VLOOKUP(G9,Classifica!$C$2:$R$131,4,FALSE),"") -> 0 | J9: =IFERROR(VLOOKUP(G9,Classifica!$C$2:$R$131,5,FALSE),"") -> 0 | K9: =IFERROR(VLOOKUP(G9,Classifica!$C$2:$R$131,6,FALSE),"") -> 0 | L9: =IFERROR(VLOOKUP(G9,Classifica!$C$2:$R$131,7,FALSE),"") -> 0 | M9: =IFERROR(VLOOKUP(G9,Classifica!$C$2:$R$131,8,FALSE),"") -> 0 | N9: =IFERROR(VLOOKUP(G9,Classifica!$C$2:$R$131,9,FALSE),"") -> 0 | O9: =IFERROR(VLOOKUP(G9,Classifica!$C$2:$R$131,16,FALSE),"") -> 2 | P9: =IFERROR(MID(INDEX(Classifica!M:M, MATCH(G9, Classifica!C:C, 0)), 1, 1), "") | Q9: =IFERROR(MID(INDEX(Classifica!M:M, MATCH(G9, Classifica!C:C, 0)), 3, 1), "") | R9: =IFERROR(MID(INDEX(Classifica!M:M, MATCH(G9, Classifica!C:C, 0)), 5, 1), "") | S9: =IFERROR(MID(INDEX(Classifica!M:M, MATCH(G9, Classifica!C:C, 0)), 7, 1), "") | T9: =IFERROR(MID(INDEX(Classifica!M:M, MATCH(G9, Classifica!C:C, 0)), 9, 1), "") | U9: =IFERROR(IF(P9="","",COUNTIF(P9:T9,"W")*20+COUNTIF(P9:T9,"D")*7),"") | V9: =IFERROR(ABS(U9-U10),"") | W9: =COUNTIFS(Partite!$V:$V,1,Partite!$H:$H,Palinsesto!G9)+COUNTIFS(Partite!$V:$V,1,Partite!$J:$J,Palinsesto!G9) -> 0 | X9: =IFERROR(AVERAGE(IFERROR(INT(W9/(SUM(H9:J9))*100),""),IFERROR(INT(W10/(SUM(H10:J10))*100),"")),"") | Y9: =INDEX(AC$4:AE$4, MATCH(MAX(AC9:AE9), AC9:AE9, 0)) -> 0-2 | Z9: =IFERROR(INT((LARGE(AC9:AE9,1)/SUM(H9:J9))*100),"") | AA9: =COUNTIFS(Partite!$W:$W,1,Partite!$H:$H,Palinsesto!G9)+COUNTIFS(Partite!$W:$W,1,Partite!$J:$J,Palinsesto!G9) -> 0 | AB9: =IFERROR(INT(AVERAGE(AA9/(SUM(H9:J9))*100,(AA10/(SUM(H10:J10))*100))),"") | AC9: =COUNTIFS(Partite!$X:$X,1,Partite!$H:$H,Palinsesto!G9)+COUNTIFS(Partite!$X:$X,1,Partite!$J:$J,Palinsesto!G9) -> 0 | AD9: =COUNTIFS(Partite!$Y:$Y,1,Partite!$H:$H,Palinsesto!G9)+COUNTIFS(Partite!$Y:$Y,1,Partite!$J:$J,Palinsesto!G9) -> 0 | AE9: =COUNTIFS(Partite!$Z:$Z,1,Partite!$H:$H,Palinsesto!G9)+COUNTIFS(Partite!$Z:$Z,1,Partite!$J:$J,Palinsesto!G9) -> 0
G10: =VLOOKUP($B$2+B9,Partite!$A$1:$AE$3000,10,FALSE) -> Odense | H10: =IFERROR(VLOOKUP(G10,Classifica!$C$2:$R$131,3,FALSE),"") -> 0 | I10: =IFERROR(VLOOKUP(G10,Classifica!$C$2:$R$131,4,FALSE),"") -> 0 | J10: =IFERROR(VLOOKUP(G10,Classifica!$C$2:$R$131,5,FALSE),"") -> 0 | K10: =IFERROR(VLOOKUP(G10,Classifica!$C$2:$R$131,6,FALSE),"") -> 0 | L10: =IFERROR(VLOOKUP(G10,Classifica!$C$2:$R$131,7,FALSE),"") -> 0 | M10: =IFERROR(VLOOKUP(G10,Classifica!$C$2:$R$131,8,FALSE),"") -> 0 | N10: =IFERROR(VLOOKUP(G10,Classifica!$C$2:$R$131,9,FALSE),"") -> 0 | O10: =IFERROR(VLOOKUP(G10,Classifica!$C$2:$R$131,16,FALSE),"") -> 8 | P10: =IFERROR(MID(INDEX(Classifica!M:M, MATCH(G10, Classifica!C:C, 0)), 1, 1), "") | Q10: =IFERROR(MID(INDEX(Classifica!M:M, MATCH(G10, Classifica!C:C, 0)), 3, 1), "") | R10: =IFERROR(MID(INDEX(Classifica!M:M, MATCH(G10, Classifica!C:C, 0)), 5, 1), "") | S10: =IFERROR(MID(INDEX(Classifica!M:M, MATCH(G10, Classifica!C:C, 0)), 7, 1), "") | T10: =IFERROR(MID(INDEX(Classifica!M:M, MATCH(G10, Classifica!C:C, 0)), 9, 1), "") | U10: =IFERROR(IF(P10="","",COUNTIF(P10:T10,"W")*20+COUNTIF(P10:T10,"D")*7),"") | W10: =COUNTIFS(Partite!$V:$V,1,Partite!$H:$H,Palinsesto!G10)+COUNTIFS(Partite!$V:$V,1,Partite!$J:$J,Palinsesto!G10) -> 0 | Y10: =INDEX(AC$4:AE$4, MATCH(MAX(AC10:AE10), AC10:AE10, 0)) -> 0-2 | Z10: =IFERROR(INT((LARGE(AC10:AE10,1)/SUM(H10:J10))*100),"") | AA10: =COUNTIFS(Partite!$W:$W,1,Partite!$H:$H,Palinsesto!G10)+COUNTIFS(Partite!$W:$W,1,Partite!$J:$J,Palinsesto!G10) -> 0 | AC10: =COUNTIFS(Partite!$X:$X,1,Partite!$H:$H,Palinsesto!G10)+COUNTIFS(Partite!$X:$X,1,Partite!$J:$J,Palinsesto!G10) -> 0 | AD10: =COUNTIFS(Partite!$Y:$Y,1,Partite!$H:$H,Palinsesto!G10)+COUNTIFS(Partite!$Y:$Y,1,Partite!$J:$J,Palinsesto!G10) -> 0 | AE10: =COUNTIFS(Partite!$Z:$Z,1,Partite!$H:$H,Palinsesto!G10)+COUNTIFS(Partite!$Z:$Z,1,Partite!$J:$J,Palinsesto!G10) -> 0
B12: =B9+1 -> 3 | C12: =VLOOKUP($B$2+B12,Partite!$A$1:$AE$3000,2,FALSE) -> Ireland | D12: =VLOOKUP($B$2+B12,Partite!$A$1:$AE$3000,4,FALSE) -> 25 | E12: =VLOOKUP($B$2+B12,Partite!$A$1:$AE$3000,6,FALSE) -> 46227 | F12: =VLOOKUP($B$2+B12,Partite!$A$1:$AE$3000,7,FALSE) -> 20:00 (21:00) | G12: =VLOOKUP($B$2+B12,Partite!$A$1:$AE$3000,8,FALSE) -> St Patrick's | H12: =IFERROR(VLOOKUP(G12,Classifica!$C$2:$R$131,3,FALSE),"") -> 12 | I12: =IFERROR(VLOOKUP(G12,Classifica!$C$2:$R$131,4,FALSE),"") -> 6 | J12: =IFERROR(VLOOKUP(G12,Classifica!$C$2:$R$131,5,FALSE),"") -> 6 | K12: =IFERROR(VLOOKUP(G12,Classifica!$C$2:$R$131,6,FALSE),"") -> 39 | L12: =IFERROR(VLOOKUP(G12,Classifica!$C$2:$R$131,7,FALSE),"") -> 20 | M12: =IFERROR(VLOOKUP(G12,Classifica!$C$2:$R$131,8,FALSE),"") -> 19 | N12: =IFERROR(VLOOKUP(G12,Classifica!$C$2:$R$131,9,FALSE),"") -> 42 | O12: =IFERROR(VLOOKUP(G12,Classifica!$C$2:$R$131,16,FALSE),"") -> 3 | P12: =IFERROR(MID(INDEX(Classifica!M:M, MATCH(G12, Classifica!C:C, 0)), 1, 1), "") -> W | Q12: =IFERROR(MID(INDEX(Classifica!M:M, MATCH(G12, Classifica!C:C, 0)), 3, 1), "") -> W | R12: =IFERROR(MID(INDEX(Classifica!M:M, MATCH(G12, Classifica!C:C, 0)), 5, 1), "") -> L | S12: =IFERROR(MID(INDEX(Classifica!M:M, MATCH(G12, Classifica!C:C, 0)), 7, 1), "") -> W | T12: =IFERROR(MID(INDEX(Classifica!M:M, MATCH(G12, Classifica!C:C, 0)), 9, 1), "") -> D | U12: =IFERROR(IF(P12="","",COUNTIF(P12:T12,"W")*20+COUNTIF(P12:T12,"D")*7),"") -> 67 | V12: =IFERROR(ABS(U12-U13),"") -> 27 | W12: =COUNTIFS(Partite!$V:$V,1,Partite!$H:$H,Palinsesto!G12)+COUNTIFS(Partite!$V:$V,1,Partite!$J:$J,Palinsesto!G12) -> 14 | X12: =IFERROR(AVERAGE(IFERROR(INT(W12/(SUM(H12:J12))*100),""),IFERROR(INT(W13/(SUM(H13:J13))*100),"")),"") -> 56 | Y12: =INDEX(AC$4:AE$4, MATCH(MAX(AC12:AE12), AC12:AE12, 0)) -> 0-2 | Z12: =IFERROR(INT((LARGE(AC12:AE12,1)/SUM(H12:J12))*100),"") -> 75 | AA12: =COUNTIFS(Partite!$W:$W,1,Partite!$H:$H,Palinsesto!G12)+COUNTIFS(Partite!$W:$W,1,Partite!$J:$J,Palinsesto!G12) -> 17 | AB12: =IFERROR(INT(AVERAGE(AA12/(SUM(H12:J12))*100,(AA13/(SUM(H13:J13))*100))),"") -> 79 | AC12: =COUNTIFS(Partite!$X:$X,1,Partite!$H:$H,Palinsesto!G12)+COUNTIFS(Partite!$X:$X,1,Partite!$J:$J,Palinsesto!G12) -> 18 | AD12: =COUNTIFS(Partite!$Y:$Y,1,Partite!$H:$H,Palinsesto!G12)+COUNTIFS(Partite!$Y:$Y,1,Partite!$J:$J,Palinsesto!G12) -> 14 | AE12: =COUNTIFS(Partite!$Z:$Z,1,Partite!$H:$H,Palinsesto!G12)+COUNTIFS(Partite!$Z:$Z,1,Partite!$J:$J,Palinsesto!G12) -> 13
G13: =VLOOKUP($B$2+B12,Partite!$A$1:$AE$3000,10,FALSE) -> Dundalk FC | H13: =IFERROR(VLOOKUP(G13,Classifica!$C$2:$R$131,3,FALSE),"") -> 9 | I13: =IFERROR(VLOOKUP(G13,Classifica!$C$2:$R$131,4,FALSE),"") -> 8 | J13: =IFERROR(VLOOKUP(G13,Classifica!$C$2:$R$131,5,FALSE),"") -> 7 | K13: =IFERROR(VLOOKUP(G13,Classifica!$C$2:$R$131,6,FALSE),"") -> 38 | L13: =IFERROR(VLOOKUP(G13,Classifica!$C$2:$R$131,7,FALSE),"") -> 36 | M13: =IFERROR(VLOOKUP(G13,Classifica!$C$2:$R$131,8,FALSE),"") -> 2 | N13: =IFERROR(VLOOKUP(G13,Classifica!$C$2:$R$131,9,FALSE),"") -> 35 | O13: =IFERROR(VLOOKUP(G13,Classifica!$C$2:$R$131,16,FALSE),"") -> 4 | P13: =IFERROR(MID(INDEX(Classifica!M:M, MATCH(G13, Classifica!C:C, 0)), 1, 1), "") -> W | Q13: =IFERROR(MID(INDEX(Classifica!M:M, MATCH(G13, Classifica!C:C, 0)), 3, 1), "") -> W | R13: =IFERROR(MID(INDEX(Classifica!M:M, MATCH(G13, Classifica!C:C, 0)), 5, 1), "") -> L | S13: =IFERROR(MID(INDEX(Classifica!M:M, MATCH(G13, Classifica!C:C, 0)), 7, 1), "") -> L | T13: =IFERROR(MID(INDEX(Classifica!M:M, MATCH(G13, Classifica!C:C, 0)), 9, 1), "") -> L | U13: =IFERROR(IF(P13="","",COUNTIF(P13:T13,"W")*20+COUNTIF(P13:T13,"D")*7),"") -> 40 | W13: =COUNTIFS(Partite!$V:$V,1,Partite!$H:$H,Palinsesto!G13)+COUNTIFS(Partite!$V:$V,1,Partite!$J:$J,Palinsesto!G13) -> 13 | Y13: =INDEX(AC$4:AE$4, MATCH(MAX(AC13:AE13), AC13:AE13, 0)) -> 0-2 | Z13: =IFERROR(INT((LARGE(AC13:AE13,1)/SUM(H13:J13))*100),"") -> 87 | AA13: =COUNTIFS(Partite!$W:$W,1,Partite!$H:$H,Palinsesto!G13)+COUNTIFS(Partite!$W:$W,1,Partite!$J:$J,Palinsesto!G13) -> 21 | AC13: =COUNTIFS(Partite!$X:$X,1,Partite!$H:$H,Palinsesto!G13)+COUNTIFS(Partite!$X:$X,1,Partite!$J:$J,Palinsesto!G13) -> 21 | AD13: =COUNTIFS(Partite!$Y:$Y,1,Partite!$H:$H,Palinsesto!G13)+COUNTIFS(Partite!$Y:$Y,1,Partite!$J:$J,Palinsesto!G13) -> 21 | AE13: =COUNTIFS(Partite!$Z:$Z,1,Partite!$H:$H,Palinsesto!G13)+COUNTIFS(Partite!$Z:$Z,1,Partite!$J:$J,Palinsesto!G13) -> 13
B15: =B12+1 -> 4 | C15: =VLOOKUP($B$2+B15,Partite!$A$1:$AE$3000,2,FALSE) -> Veikkausliiga | D15: =VLOOKUP($B$2+B15,Partite!$A$1:$AE$3000,4,FALSE) -> 17 | E15: =VLOOKUP($B$2+B15,Partite!$A$1:$AE$3000,6,FALSE) -> 46227 | F15: =VLOOKUP($B$2+B15,Partite!$A$1:$AE$3000,7,FALSE) -> 19:00 (18:00) | G15: =VLOOKUP($B$2+B15,Partite!$A$1:$AE$3000,8,FALSE) -> FF Jaro | H15: =IFERROR(VLOOKUP(G15,Classifica!$C$2:$R$131,3,FALSE),"") -> 2 | I15: =IFERROR(VLOOKUP(G15,Classifica!$C$2:$R$131,4,FALSE),"") -> 5 | J15: =IFERROR(VLOOKUP(G15,Classifica!$C$2:$R$131,5,FALSE),"") -> 8 | K15: =IFERROR(VLOOKUP(G15,Classifica!$C$2:$R$131,6,FALSE),"") -> 15 | L15: =IFERROR(VLOOKUP(G15,Classifica!$C$2:$R$131,7,FALSE),"") -> 32 | M15: =IFERROR(VLOOKUP(G15,Classifica!$C$2:$R$131,8,FALSE),"") -> -17 | N15: =IFERROR(VLOOKUP(G15,Classifica!$C$2:$R$131,9,FALSE),"") -> 11 | O15: =IFERROR(VLOOKUP(G15,Classifica!$C$2:$R$131,16,FALSE),"") -> 11 | P15: =IFERROR(MID(INDEX(Classifica!M:M, MATCH(G15, Classifica!C:C, 0)), 1, 1), "") -> L | Q15: =IFERROR(MID(INDEX(Classifica!M:M, MATCH(G15, Classifica!C:C, 0)), 3, 1), "") -> L | R15: =IFERROR(MID(INDEX(Classifica!M:M, MATCH(G15, Classifica!C:C, 0)), 5, 1), "") -> D | S15: =IFERROR(MID(INDEX(Classifica!M:M, MATCH(G15, Classifica!C:C, 0)), 7, 1), "") -> L | T15: =IFERROR(MID(INDEX(Classifica!M:M, MATCH(G15, Classifica!C:C, 0)), 9, 1), "") -> W | U15: =IFERROR(IF(P15="","",COUNTIF(P15:T15,"W")*20+COUNTIF(P15:T15,"D")*7),"") -> 27 | V15: =IFERROR(ABS(U15-U16),"") -> 7 | W15: =COUNTIFS(Partite!$V:$V,1,Partite!$H:$H,Palinsesto!G15)+COUNTIFS(Partite!$V:$V,1,Partite!$J:$J,Palinsesto!G15) -> 6 | X15: =IFERROR(AVERAGE(IFERROR(INT(W15/(SUM(H15:J15))*100),""),IFERROR(INT(W16/(SUM(H16:J16))*100),"")),"") -> 48 | Y15: =INDEX(AC$4:AE$4, MATCH(MAX(AC15:AE15), AC15:AE15, 0)) -> 0-2 | Z15: =IFERROR(INT((LARGE(AC15:AE15,1)/SUM(H15:J15))*100),"") -> 73 | AA15: =COUNTIFS(Partite!$W:$W,1,Partite!$H:$H,Palinsesto!G15)+COUNTIFS(Partite!$W:$W,1,Partite!$J:$J,Palinsesto!G15) -> 13 | AB15: =IFERROR(INT(AVERAGE(AA15/(SUM(H15:J15))*100,(AA16/(SUM(H16:J16))*100))),"") -> 83 | AC15: =COUNTIFS(Partite!$X:$X,1,Partite!$H:$H,Palinsesto!G15)+COUNTIFS(Partite!$X:$X,1,Partite!$J:$J,Palinsesto!G15) -> 11 | AD15: =COUNTIFS(Partite!$Y:$Y,1,Partite!$H:$H,Palinsesto!G15)+COUNTIFS(Partite!$Y:$Y,1,Partite!$J:$J,Palinsesto!G15) -> 11 | AE15: =COUNTIFS(Partite!$Z:$Z,1,Partite!$H:$H,Palinsesto!G15)+COUNTIFS(Partite!$Z:$Z,1,Partite!$J:$J,Palinsesto!G15) -> 10
G16: =VLOOKUP($B$2+B15,Partite!$A$1:$AE$3000,10,FALSE) -> SJK | H16: =IFERROR(VLOOKUP(G16,Classifica!$C$2:$R$131,3,FALSE),"") -> 3 | I16: =IFERROR(VLOOKUP(G16,Classifica!$C$2:$R$131,4,FALSE),"") -> 5 | J16: =IFERROR(VLOOKUP(G16,Classifica!$C$2:$R$131,5,FALSE),"") -> 8 | K16: =IFERROR(VLOOKUP(G16,Classifica!$C$2:$R$131,6,FALSE),"") -> 18 | L16: =IFERROR(VLOOKUP(G16,Classifica!$C$2:$R$131,7,FALSE),"") -> 25 | M16: =IFERROR(VLOOKUP(G16,Classifica!$C$2:$R$131,8,FALSE),"") -> -7 | N16: =IFERROR(VLOOKUP(G16,Classifica!$C$2:$R$131,9,FALSE),"") -> 14 | O16: =IFERROR(VLOOKUP(G16,Classifica!$C$2:$R$131,16,FALSE),"") -> 10 | P16: =IFERROR(MID(INDEX(Classifica!M:M, MATCH(G16, Classifica!C:C, 0)), 1, 1), "") -> D | Q16: =IFERROR(MID(INDEX(Classifica!M:M, MATCH(G16, Classifica!C:C, 0)), 3, 1), "") -> D | R16: =IFERROR(MID(INDEX(Classifica!M:M, MATCH(G16, Classifica!C:C, 0)), 5, 1), "") -> W | S16: =IFERROR(MID(INDEX(Classifica!M:M, MATCH(G16, Classifica!C:C, 0)), 7, 1), "") -> L | T16: =IFERROR(MID(INDEX(Classifica!M:M, MATCH(G16, Classifica!C:C, 0)), 9, 1), "") -> L | U16: =IFERROR(IF(P16="","",COUNTIF(P16:T16,"W")*20+COUNTIF(P16:T16,"D")*7),"") -> 34 | W16: =COUNTIFS(Partite!$V:$V,1,Partite!$H:$H,Palinsesto!G16)+COUNTIFS(Partite!$V:$V,1,Partite!$J:$J,Palinsesto!G16) -> 9 | Y16: =INDEX(AC$4:AE$4, MATCH(MAX(AC16:AE16), AC16:AE16, 0)) -> 1-3 | Z16: =IFERROR(INT((LARGE(AC16:AE16,1)/SUM(H16:J16))*100),"") -> 81 | AA16: =COUNTIFS(Partite!$W:$W,1,Partite!$H:$H,Palinsesto!G16)+COUNTIFS(Partite!$W:$W,1,Partite!$J:$J,Palinsesto!G16) -> 13 | AC16: =COUNTIFS(Partite!$X:$X,1,Partite!$H:$H,Palinsesto!G16)+COUNTIFS(Partite!$X:$X,1,Partite!$J:$J,Palinsesto!G16) -> 12 | AD16: =COUNTIFS(Partite!$Y:$Y,1,Partite!$H:$H,Palinsesto!G16)+COUNTIFS(Partite!$Y:$Y,1,Partite!$J:$J,Palinsesto!G16) -> 13 | AE16: =COUNTIFS(Partite!$Z:$Z,1,Partite!$H:$H,Palinsesto!G16)+COUNTIFS(Partite!$Z:$Z,1,Partite!$J:$J,Palinsesto!G16) -> 7
B18: =B15+1 -> 5 | C18: =VLOOKUP($B$2+B18,Partite!$A$1:$AE$3000,2,FALSE) -> Swiss | D18: =VLOOKUP($B$2+B18,Partite!$A$1:$AE$3000,4,FALSE) -> 1 | E18: =VLOOKUP($B$2+B18,Partite!$A$1:$AE$3000,6,FALSE) -> 46228 | F18: =VLOOKUP($B$2+B18,Partite!$A$1:$AE$3000,7,FALSE) -> 18:00 | G18: =VLOOKUP($B$2+B18,Partite!$A$1:$AE$3000,8,FALSE) -> Lausanne-Sport | H18: =IFERROR(VLOOKUP(G18,Classifica!$C$2:$R$131,3,FALSE),"") | I18: =IFERROR(VLOOKUP(G18,Classifica!$C$2:$R$131,4,FALSE),"") | J18: =IFERROR(VLOOKUP(G18,Classifica!$C$2:$R$131,5,FALSE),"") | K18: =IFERROR(VLOOKUP(G18,Classifica!$C$2:$R$131,6,FALSE),"") | L18: =IFERROR(VLOOKUP(G18,Classifica!$C$2:$R$131,7,FALSE),"") | M18: =IFERROR(VLOOKUP(G18,Classifica!$C$2:$R$131,8,FALSE),"") | N18: =IFERROR(VLOOKUP(G18,Classifica!$C$2:$R$131,9,FALSE),"") | O18: =IFERROR(VLOOKUP(G18,Classifica!$C$2:$R$131,16,FALSE),"") | P18: =IFERROR(MID(INDEX(Classifica!M:M, MATCH(G18, Classifica!C:C, 0)), 1, 1), "") | Q18: =IFERROR(MID(INDEX(Classifica!M:M, MATCH(G18, Classifica!C:C, 0)), 3, 1), "") | R18: =IFERROR(MID(INDEX(Classifica!M:M, MATCH(G18, Classifica!C:C, 0)), 5, 1), "") | S18: =IFERROR(MID(INDEX(Classifica!M:M, MATCH(G18, Classifica!C:C, 0)), 7, 1), "") | T18: =IFERROR(MID(INDEX(Classifica!M:M, MATCH(G18, Classifica!C:C, 0)), 9, 1), "") | U18: =IFERROR(IF(P18="","",COUNTIF(P18:T18,"W")*20+COUNTIF(P18:T18,"D")*7),"") | V18: =IFERROR(ABS(U18-U19),"") | W18: =COUNTIFS(Partite!$V:$V,1,Partite!$H:$H,Palinsesto!G18)+COUNTIFS(Partite!$V:$V,1,Partite!$J:$J,Palinsesto!G18) -> 0 | X18: =IFERROR(AVERAGE(IFERROR(INT(W18/(SUM(H18:J18))*100),""),IFERROR(INT(W19/(SUM(H19:J19))*100),"")),"") | Y18: =INDEX(AC$4:AE$4, MATCH(MAX(AC18:AE18), AC18:AE18, 0)) -> 0-2 | Z18: =IFERROR(INT((LARGE(AC18:AE18,1)/SUM(H18:J18))*100),"") | AA18: =COUNTIFS(Partite!$W:$W,1,Partite!$H:$H,Palinsesto!G18)+COUNTIFS(Partite!$W:$W,1,Partite!$J:$J,Palinsesto!G18) -> 0 | AB18: =IFERROR(INT(AVERAGE(AA18/(SUM(H18:J18))*100,(AA19/(SUM(H19:J19))*100))),"") | AC18: =COUNTIFS(Partite!$X:$X,1,Partite!$H:$H,Palinsesto!G18)+COUNTIFS(Partite!$X:$X,1,Partite!$J:$J,Palinsesto!G18) -> 0 | AD18: =COUNTIFS(Partite!$Y:$Y,1,Partite!$H:$H,Palinsesto!G18)+COUNTIFS(Partite!$Y:$Y,1,Partite!$J:$J,Palinsesto!G18) -> 0 | AE18: =COUNTIFS(Partite!$Z:$Z,1,Partite!$H:$H,Palinsesto!G18)+COUNTIFS(Partite!$Z:$Z,1,Partite!$J:$J,Palinsesto!G18) -> 0
G19: =VLOOKUP($B$2+B18,Partite!$A$1:$AE$3000,10,FALSE) -> Grasshopper | H19: =IFERROR(VLOOKUP(G19,Classifica!$C$2:$R$131,3,FALSE),"") | I19: =IFERROR(VLOOKUP(G19,Classifica!$C$2:$R$131,4,FALSE),"") | J19: =IFERROR(VLOOKUP(G19,Classifica!$C$2:$R$131,5,FALSE),"") | K19: =IFERROR(VLOOKUP(G19,Classifica!$C$2:$R$131,6,FALSE),"") | L19: =IFERROR(VLOOKUP(G19,Classifica!$C$2:$R$131,7,FALSE),"") | M19: =IFERROR(VLOOKUP(G19,Classifica!$C$2:$R$131,8,FALSE),"") | N19: =IFERROR(VLOOKUP(G19,Classifica!$C$2:$R$131,9,FALSE),"") | O19: =IFERROR(VLOOKUP(G19,Classifica!$C$2:$R$131,16,FALSE),"") | P19: =IFERROR(MID(INDEX(Classifica!M:M, MATCH(G19, Classifica!C:C, 0)), 1, 1), "") | Q19: =IFERROR(MID(INDEX(Classifica!M:M, MATCH(G19, Classifica!C:C, 0)), 3, 1), "") | R19: =IFERROR(MID(INDEX(Classifica!M:M, MATCH(G19, Classifica!C:C, 0)), 5, 1), "") | S19: =IFERROR(MID(INDEX(Classifica!M:M, MATCH(G19, Classifica!C:C, 0)), 7, 1), "") | T19: =IFERROR(MID(INDEX(Classifica!M:M, MATCH(G19, Classifica!C:C, 0)), 9, 1), "") | U19: =IFERROR(IF(P19="","",COUNTIF(P19:T19,"W")*20+COUNTIF(P19:T19,"D")*7),"") | W19: =COUNTIFS(Partite!$V:$V,1,Partite!$H:$H,Palinsesto!G19)+COUNTIFS(Partite!$V:$V,1,Partite!$J:$J,Palinsesto!G19) -> 0 | Y19: =INDEX(AC$4:AE$4, MATCH(MAX(AC19:AE19), AC19:AE19, 0)) -> 0-2 | Z19: =IFERROR(INT((LARGE(AC19:AE19,1)/SUM(H19:J19))*100),"") | AA19: =COUNTIFS(Partite!$W:$W,1,Partite!$H:$H,Palinsesto!G19)+COUNTIFS(Partite!$W:$W,1,Partite!$J:$J,Palinsesto!G19) -> 0 | AC19: =COUNTIFS(Partite!$X:$X,1,Partite!$H:$H,Palinsesto!G19)+COUNTIFS(Partite!$X:$X,1,Partite!$J:$J,Palinsesto!G19) -> 0 | AD19: =COUNTIFS(Partite!$Y:$Y,1,Partite!$H:$H,Palinsesto!G19)+COUNTIFS(Partite!$Y:$Y,1,Partite!$J:$J,Palinsesto!G19) -> 0 | AE19: =COUNTIFS(Partite!$Z:$Z,1,Partite!$H:$H,Palinsesto!G19)+COUNTIFS(Partite!$Z:$Z,1,Partite!$J:$J,Palinsesto!G19) -> 0
B21: =B18+1 -> 6 | C21: =VLOOKUP($B$2+B21,Partite!$A$1:$AE$3000,2,FALSE) -> Swiss | D21: =VLOOKUP($B$2+B21,Partite!$A$1:$AE$3000,4,FALSE) -> 1 | E21: =VLOOKUP($B$2+B21,Partite!$A$1:$AE$3000,6,FALSE) -> 46228 | F21: =VLOOKUP($B$2+B21,Partite!$A$1:$AE$3000,7,FALSE) -> 18:00 | G21: =VLOOKUP($B$2+B21,Partite!$A$1:$AE$3000,8,FALSE) -> Servette FC | H21: =IFERROR(VLOOKUP(G21,Classifica!$C$2:$R$131,3,FALSE),"") | I21: =IFERROR(VLOOKUP(G21,Classifica!$C$2:$R$131,4,FALSE),"") | J21: =IFERROR(VLOOKUP(G21,Classifica!$C$2:$R$131,5,FALSE),"") | K21: =IFERROR(VLOOKUP(G21,Classifica!$C$2:$R$131,6,FALSE),"") | L21: =IFERROR(VLOOKUP(G21,Classifica!$C$2:$R$131,7,FALSE),"") | M21: =IFERROR(VLOOKUP(G21,Classifica!$C$2:$R$131,8,FALSE),"") | N21: =IFERROR(VLOOKUP(G21,Classifica!$C$2:$R$131,9,FALSE),"") | O21: =IFERROR(VLOOKUP(G21,Classifica!$C$2:$R$131,16,FALSE),"") | P21: =IFERROR(MID(INDEX(Classifica!M:M, MATCH(G21, Classifica!C:C, 0)), 1, 1), "") | Q21: =IFERROR(MID(INDEX(Classifica!M:M, MATCH(G21, Classifica!C:C, 0)), 3, 1), "") | R21: =IFERROR(MID(INDEX(Classifica!M:M, MATCH(G21, Classifica!C:C, 0)), 5, 1), "") | S21: =IFERROR(MID(INDEX(Classifica!M:M, MATCH(G21, Classifica!C:C, 0)), 7, 1), "") | T21: =IFERROR(MID(INDEX(Classifica!M:M, MATCH(G21, Classifica!C:C, 0)), 9, 1), "") | U21: =IFERROR(IF(P21="","",COUNTIF(P21:T21,"W")*20+COUNTIF(P21:T21,"D")*7),"") | V21: =IFERROR(ABS(U21-U22),"") | W21: =COUNTIFS(Partite!$V:$V,1,Partite!$H:$H,Palinsesto!G21)+COUNTIFS(Partite!$V:$V,1,Partite!$J:$J,Palinsesto!G21) -> 0 | X21: =IFERROR(AVERAGE(IFERROR(INT(W21/(SUM(H21:J21))*100),""),IFERROR(INT(W22/(SUM(H22:J22))*100),"")),"") | Y21: =INDEX(AC$4:AE$4, MATCH(MAX(AC21:AE21), AC21:AE21, 0)) -> 0-2 | Z21: =IFERROR(INT((LARGE(AC21:AE21,1)/SUM(H21:J21))*100),"") | AA21: =COUNTIFS(Partite!$W:$W,1,Partite!$H:$H,Palinsesto!G21)+COUNTIFS(Partite!$W:$W,1,Partite!$J:$J,Palinsesto!G21) -> 0 | AB21: =IFERROR(INT(AVERAGE(AA21/(SUM(H21:J21))*100,(AA22/(SUM(H22:J22))*100))),"") | AC21: =COUNTIFS(Partite!$X:$X,1,Partite!$H:$H,Palinsesto!G21)+COUNTIFS(Partite!$X:$X,1,Partite!$J:$J,Palinsesto!G21) -> 0 | AD21: =COUNTIFS(Partite!$Y:$Y,1,Partite!$H:$H,Palinsesto!G21)+COUNTIFS(Partite!$Y:$Y,1,Partite!$J:$J,Palinsesto!G21) -> 0 | AE21: =COUNTIFS(Partite!$Z:$Z,1,Partite!$H:$H,Palinsesto!G21)+COUNTIFS(Partite!$Z:$Z,1,Partite!$J:$J,Palinsesto!G21) -> 0
G22: =VLOOKUP($B$2+B21,Partite!$A$1:$AE$3000,10,FALSE) -> Basel | H22: =IFERROR(VLOOKUP(G22,Classifica!$C$2:$R$131,3,FALSE),"") | I22: =IFERROR(VLOOKUP(G22,Classifica!$C$2:$R$131,4,FALSE),"") | J22: =IFERROR(VLOOKUP(G22,Classifica!$C$2:$R$131,5,FALSE),"") | K22: =IFERROR(VLOOKUP(G22,Classifica!$C$2:$R$131,6,FALSE),"") | L22: =IFERROR(VLOOKUP(G22,Classifica!$C$2:$R$131,7,FALSE),"") | M22: =IFERROR(VLOOKUP(G22,Classifica!$C$2:$R$131,8,FALSE),"") | N22: =IFERROR(VLOOKUP(G22,Classifica!$C$2:$R$131,9,FALSE),"") | O22: =IFERROR(VLOOKUP(G22,Classifica!$C$2:$R$131,16,FALSE),"") | P22: =IFERROR(MID(INDEX(Classifica!M:M, MATCH(G22, Classifica!C:C, 0)), 1, 1), "") | Q22: =IFERROR(MID(INDEX(Classifica!M:M, MATCH(G22, Classifica!C:C, 0)), 3, 1), "") | R22: =IFERROR(MID(INDEX(Classifica!M:M, MATCH(G22, Classifica!C:C, 0)), 5, 1), "") | S22: =IFERROR(MID(INDEX(Classifica!M:M, MATCH(G22, Classifica!C:C, 0)), 7, 1), "") | T22: =IFERROR(MID(INDEX(Classifica!M:M, MATCH(G22, Classifica!C:C, 0)), 9, 1), "") | U22: =IFERROR(IF(P22="","",COUNTIF(P22:T22,"W")*20+COUNTIF(P22:T22,"D")*7),"") | W22: =COUNTIFS(Partite!$V:$V,1,Partite!$H:$H,Palinsesto!G22)+COUNTIFS(Partite!$V:$V,1,Partite!$J:$J,Palinsesto!G22) -> 0 | Y22: =INDEX(AC$4:AE$4, MATCH(MAX(AC22:AE22), AC22:AE22, 0)) -> 0-2 | Z22: =IFERROR(INT((LARGE(AC22:AE22,1)/SUM(H22:J22))*100),"") | AA22: =COUNTIFS(Partite!$W:$W,1,Partite!$H:$H,Palinsesto!G22)+COUNTIFS(Partite!$W:$W,1,Partite!$J:$J,Palinsesto!G22) -> 0 | AC22: =COUNTIFS(Partite!$X:$X,1,Partite!$H:$H,Palinsesto!G22)+COUNTIFS(Partite!$X:$X,1,Partite!$J:$J,Palinsesto!G22) -> 0 | AD22: =COUNTIFS(Partite!$Y:$Y,1,Partite!$H:$H,Palinsesto!G22)+COUNTIFS(Partite!$Y:$Y,1,Partite!$J:$J,Palinsesto!G22) -> 0 | AE22: =COUNTIFS(Partite!$Z:$Z,1,Partite!$H:$H,Palinsesto!G22)+COUNTIFS(Partite!$Z:$Z,1,Partite!$J:$J,Palinsesto!G22) -> 0
B24: =B21+1 -> 7 | C24: =VLOOKUP($B$2+B24,Partite!$A$1:$AE$3000,2,FALSE) -> Swiss | D24: =VLOOKUP($B$2+B24,Partite!$A$1:$AE$3000,4,FALSE) -> 1 | E24: =VLOOKUP($B$2+B24,Partite!$A$1:$AE$3000,6,FALSE) -> 46228 | F24: =VLOOKUP($B$2+B24,Partite!$A$1:$AE$3000,7,FALSE) -> 20:30 | G24: =VLOOKUP($B$2+B24,Partite!$A$1:$AE$3000,8,FALSE) -> Luzern | H24: =IFERROR(VLOOKUP(G24,Classifica!$C$2:$R$131,3,FALSE),"") | I24: =IFERROR(VLOOKUP(G24,Classifica!$C$2:$R$131,4,FALSE),"") | J24: =IFERROR(VLOOKUP(G24,Classifica!$C$2:$R$131,5,FALSE),"") | K24: =IFERROR(VLOOKUP(G24,Classifica!$C$2:$R$131,6,FALSE),"") | L24: =IFERROR(VLOOKUP(G24,Classifica!$C$2:$R$131,7,FALSE),"") | M24: =IFERROR(VLOOKUP(G24,Classifica!$C$2:$R$131,8,FALSE),"") | N24: =IFERROR(VLOOKUP(G24,Classifica!$C$2:$R$131,9,FALSE),"") | O24: =IFERROR(VLOOKUP(G24,Classifica!$C$2:$R$131,16,FALSE),"") | P24: =IFERROR(MID(INDEX(Classifica!M:M, MATCH(G24, Classifica!C:C, 0)), 1, 1), "") | Q24: =IFERROR(MID(INDEX(Classifica!M:M, MATCH(G24, Classifica!C:C, 0)), 3, 1), "") | R24: =IFERROR(MID(INDEX(Classifica!M:M, MATCH(G24, Classifica!C:C, 0)), 5, 1), "") | S24: =IFERROR(MID(INDEX(Classifica!M:M, MATCH(G24, Classifica!C:C, 0)), 7, 1), "") | T24: =IFERROR(MID(INDEX(Classifica!M:M, MATCH(G24, Classifica!C:C, 0)), 9, 1), "") | U24: =IFERROR(IF(P24="","",COUNTIF(P24:T24,"W")*20+COUNTIF(P24:T24,"D")*7),"") | V24: =IFERROR(ABS(U24-U25),"") | W24: =COUNTIFS(Partite!$V:$V,1,Partite!$H:$H,Palinsesto!G24)+COUNTIFS(Partite!$V:$V,1,Partite!$J:$J,Palinsesto!G24) -> 0 | X24: =IFERROR(AVERAGE(IFERROR(INT(W24/(SUM(H24:J24))*100),""),IFERROR(INT(W25/(SUM(H25:J25))*100),"")),"") | Y24: =INDEX(AC$4:AE$4, MATCH(MAX(AC24:AE24), AC24:AE24, 0)) -> 0-2 | Z24: =IFERROR(INT((LARGE(AC24:AE24,1)/SUM(H24:J24))*100),"") | AA24: =COUNTIFS(Partite!$W:$W,1,Partite!$H:$H,Palinsesto!G24)+COUNTIFS(Partite!$W:$W,1,Partite!$J:$J,Palinsesto!G24) -> 0 | AB24: =IFERROR(INT(AVERAGE(AA24/(SUM(H24:J24))*100,(AA25/(SUM(H25:J25))*100))),"") | AC24: =COUNTIFS(Partite!$X:$X,1,Partite!$H:$H,Palinsesto!G24)+COUNTIFS(Partite!$X:$X,1,Partite!$J:$J,Palinsesto!G24) -> 0 | AD24: =COUNTIFS(Partite!$Y:$Y,1,Partite!$H:$H,Palinsesto!G24)+COUNTIFS(Partite!$Y:$Y,1,Partite!$J:$J,Palinsesto!G24) -> 0 | AE24: =COUNTIFS(Partite!$Z:$Z,1,Partite!$H:$H,Palinsesto!G24)+COUNTIFS(Partite!$Z:$Z,1,Partite!$J:$J,Palinsesto!G24) -> 0
G25: =VLOOKUP($B$2+B24,Partite!$A$1:$AE$3000,10,FALSE) -> Thun | H25: =IFERROR(VLOOKUP(G25,Classifica!$C$2:$R$131,3,FALSE),"") | I25: =IFERROR(VLOOKUP(G25,Classifica!$C$2:$R$131,4,FALSE),"") | J25: =IFERROR(VLOOKUP(G25,Classifica!$C$2:$R$131,5,FALSE),"") | K25: =IFERROR(VLOOKUP(G25,Classifica!$C$2:$R$131,6,FALSE),"") | L25: =IFERROR(VLOOKUP(G25,Classifica!$C$2:$R$131,7,FALSE),"") | M25: =IFERROR(VLOOKUP(G25,Classifica!$C$2:$R$131,8,FALSE),"") | N25: =IFERROR(VLOOKUP(G25,Classifica!$C$2:$R$131,9,FALSE),"") | O25: =IFERROR(VLOOKUP(G25,Classifica!$C$2:$R$131,16,FALSE),"") | P25: =IFERROR(MID(INDEX(Classifica!M:M, MATCH(G25, Classifica!C:C, 0)), 1, 1), "") | Q25: =IFERROR(MID(INDEX(Classifica!M:M, MATCH(G25, Classifica!C:C, 0)), 3, 1), "") | R25: =IFERROR(MID(INDEX(Classifica!M:M, MATCH(G25, Classifica!C:C, 0)), 5, 1), "") | S25: =IFERROR(MID(INDEX(Classifica!M:M, MATCH(G25, Classifica!C:C, 0)), 7, 1), "") | T25: =IFERROR(MID(INDEX(Classifica!M:M, MATCH(G25, Classifica!C:C, 0)), 9, 1), "") | U25: =IFERROR(IF(P25="","",COUNTIF(P25:T25,"W")*20+COUNTIF(P25:T25,"D")*7),"") | W25: =COUNTIFS(Partite!$V:$V,1,Partite!$H:$H,Palinsesto!G25)+COUNTIFS(Partite!$V:$V,1,Partite!$J:$J,Palinsesto!G25) -> 0 | Y25: =INDEX(AC$4:AE$4, MATCH(MAX(AC25:AE25), AC25:AE25, 0)) -> 0-2 | Z25: =IFERROR(INT((LARGE(AC25:AE25,1)/SUM(H25:J25))*100),"") | AA25: =COUNTIFS(Partite!$W:$W,1,Partite!$H:$H,Palinsesto!G25)+COUNTIFS(Partite!$W:$W,1,Partite!$J:$J,Palinsesto!G25) -> 0 | AC25: =COUNTIFS(Partite!$X:$X,1,Partite!$H:$H,Palinsesto!G25)+COUNTIFS(Partite!$X:$X,1,Partite!$J:$J,Palinsesto!G25) -> 0 | AD25: =COUNTIFS(Partite!$Y:$Y,1,Partite!$H:$H,Palinsesto!G25)+COUNTIFS(Partite!$Y:$Y,1,Partite!$J:$J,Palinsesto!G25) -> 0 | AE25: =COUNTIFS(Partite!$Z:$Z,1,Partite!$H:$H,Palinsesto!G25)+COUNTIFS(Partite!$Z:$Z,1,Partite!$J:$J,Palinsesto!G25) -> 0
B27: =B24+1 -> 8 | C27: =VLOOKUP($B$2+B27,Partite!$A$1:$AE$3000,2,FALSE) -> Veikkausliiga | D27: =VLOOKUP($B$2+B27,Partite!$A$1:$AE$3000,4,FALSE) -> 17 | E27: =VLOOKUP($B$2+B27,Partite!$A$1:$AE$3000,6,FALSE) -> 46228 | F27: =VLOOKUP($B$2+B27,Partite!$A$1:$AE$3000,7,FALSE) -> 16:30 (15:30) | G27: =VLOOKUP($B$2+B27,Partite!$A$1:$AE$3000,8,FALSE) -> IFK Mariehamn | H27: =IFERROR(VLOOKUP(G27,Classifica!$C$2:$R$131,3,FALSE),"") -> 0 | I27: =IFERROR(VLOOKUP(G27,Classifica!$C$2:$R$131,4,FALSE),"") -> 4 | J27: =IFERROR(VLOOKUP(G27,Classifica!$C$2:$R$131,5,FALSE),"") -> 11 | K27: =IFERROR(VLOOKUP(G27,Classifica!$C$2:$R$131,6,FALSE),"") -> 8 | L27: =IFERROR(VLOOKUP(G27,Classifica!$C$2:$R$131,7,FALSE),"") -> 33 | M27: =IFERROR(VLOOKUP(G27,Classifica!$C$2:$R$131,8,FALSE),"") -> -25 | N27: =IFERROR(VLOOKUP(G27,Classifica!$C$2:$R$131,9,FALSE),"") -> 4 | O27: =IFERROR(VLOOKUP(G27,Classifica!$C$2:$R$131,16,FALSE),"") -> 12 | P27: =IFERROR(MID(INDEX(Classifica!M:M, MATCH(G27, Classifica!C:C, 0)), 1, 1), "") -> L | Q27: =IFERROR(MID(INDEX(Classifica!M:M, MATCH(G27, Classifica!C:C, 0)), 3, 1), "") -> L | R27: =IFERROR(MID(INDEX(Classifica!M:M, MATCH(G27, Classifica!C:C, 0)), 5, 1), "") -> L | S27: =IFERROR(MID(INDEX(Classifica!M:M, MATCH(G27, Classifica!C:C, 0)), 7, 1), "") -> L | T27: =IFERROR(MID(INDEX(Classifica!M:M, MATCH(G27, Classifica!C:C, 0)), 9, 1), "") -> L | U27: =IFERROR(IF(P27="","",COUNTIF(P27:T27,"W")*20+COUNTIF(P27:T27,"D")*7),"") -> 0 | V27: =IFERROR(ABS(U27-U28),"") -> 27 | W27: =COUNTIFS(Partite!$V:$V,1,Partite!$H:$H,Palinsesto!G27)+COUNTIFS(Partite!$V:$V,1,Partite!$J:$J,Palinsesto!G27) -> 11 | X27: =IFERROR(AVERAGE(IFERROR(INT(W27/(SUM(H27:J27))*100),""),IFERROR(INT(W28/(SUM(H28:J28))*100),"")),"") -> 70.5 | Y27: =INDEX(AC$4:AE$4, MATCH(MAX(AC27:AE27), AC27:AE27, 0)) -> 0-2 | Z27: =IFERROR(INT((LARGE(AC27:AE27,1)/SUM(H27:J27))*100),"") -> 80 | AA27: =COUNTIFS(Partite!$W:$W,1,Partite!$H:$H,Palinsesto!G27)+COUNTIFS(Partite!$W:$W,1,Partite!$J:$J,Palinsesto!G27) -> 13 | AB27: =IFERROR(INT(AVERAGE(AA27/(SUM(H27:J27))*100,(AA28/(SUM(H28:J28))*100))),"") -> 74 | AC27: =COUNTIFS(Partite!$X:$X,1,Partite!$H:$H,Palinsesto!G27)+COUNTIFS(Partite!$X:$X,1,Partite!$J:$J,Palinsesto!G27) -> 12 | AD27: =COUNTIFS(Partite!$Y:$Y,1,Partite!$H:$H,Palinsesto!G27)+COUNTIFS(Partite!$Y:$Y,1,Partite!$J:$J,Palinsesto!G27) -> 9 | AE27: =COUNTIFS(Partite!$Z:$Z,1,Partite!$H:$H,Palinsesto!G27)+COUNTIFS(Partite!$Z:$Z,1,Partite!$J:$J,Palinsesto!G27) -> 6
G28: =VLOOKUP($B$2+B27,Partite!$A$1:$AE$3000,10,FALSE) -> AC Oulu | H28: =IFERROR(VLOOKUP(G28,Classifica!$C$2:$R$131,3,FALSE),"") -> 8 | I28: =IFERROR(VLOOKUP(G28,Classifica!$C$2:$R$131,4,FALSE),"") -> 2 | J28: =IFERROR(VLOOKUP(G28,Classifica!$C$2:$R$131,5,FALSE),"") -> 6 | K28: =IFERROR(VLOOKUP(G28,Classifica!$C$2:$R$131,6,FALSE),"") -> 20 | L28: =IFERROR(VLOOKUP(G28,Classifica!$C$2:$R$131,7,FALSE),"") -> 20 | M28: =IFERROR(VLOOKUP(G28,Classifica!$C$2:$R$131,8,FALSE),"") -> 0 | N28: =IFERROR(VLOOKUP(G28,Classifica!$C$2:$R$131,9,FALSE),"") -> 26 | O28: =IFERROR(VLOOKUP(G28,Classifica!$C$2:$R$131,16,FALSE),"") -> 4 | P28: =IFERROR(MID(INDEX(Classifica!M:M, MATCH(G28, Classifica!C:C, 0)), 1, 1), "") -> W | Q28: =IFERROR(MID(INDEX(Classifica!M:M, MATCH(G28, Classifica!C:C, 0)), 3, 1), "") -> L | R28: =IFERROR(MID(INDEX(Classifica!M:M, MATCH(G28, Classifica!C:C, 0)), 5, 1), "") -> D | S28: =IFERROR(MID(INDEX(Classifica!M:M, MATCH(G28, Classifica!C:C, 0)), 7, 1), "") -> L | T28: =IFERROR(MID(INDEX(Classifica!M:M, MATCH(G28, Classifica!C:C, 0)), 9, 1), "") -> L | U28: =IFERROR(IF(P28="","",COUNTIF(P28:T28,"W")*20+COUNTIF(P28:T28,"D")*7),"") -> 27 | W28: =COUNTIFS(Partite!$V:$V,1,Partite!$H:$H,Palinsesto!G28)+COUNTIFS(Partite!$V:$V,1,Partite!$J:$J,Palinsesto!G28) -> 11 | Y28: =INDEX(AC$4:AE$4, MATCH(MAX(AC28:AE28), AC28:AE28, 0)) -> 0-2 | Z28: =IFERROR(INT((LARGE(AC28:AE28,1)/SUM(H28:J28))*100),"") -> 81 | AA28: =COUNTIFS(Partite!$W:$W,1,Partite!$H:$H,Palinsesto!G28)+COUNTIFS(Partite!$W:$W,1,Partite!$J:$J,Palinsesto!G28) -> 10 | AC28: =COUNTIFS(Partite!$X:$X,1,Partite!$H:$H,Palinsesto!G28)+COUNTIFS(Partite!$X:$X,1,Partite!$J:$J,Palinsesto!G28) -> 13 | AD28: =COUNTIFS(Partite!$Y:$Y,1,Partite!$H:$H,Palinsesto!G28)+COUNTIFS(Partite!$Y:$Y,1,Partite!$J:$J,Palinsesto!G28) -> 11 | AE28: =COUNTIFS(Partite!$Z:$Z,1,Partite!$H:$H,Palinsesto!G28)+COUNTIFS(Partite!$Z:$Z,1,Partite!$J:$J,Palinsesto!G28) -> 7
B30: =B27+1 -> 9 | C30: =VLOOKUP($B$2+B30,Partite!$A$1:$AE$3000,2,FALSE) -> Veikkausliiga | D30: =VLOOKUP($B$2+B30,Partite!$A$1:$AE$3000,4,FALSE) -> 17 | E30: =VLOOKUP($B$2+B30,Partite!$A$1:$AE$3000,6,FALSE) -> 46228 | F30: =VLOOKUP($B$2+B30,Partite!$A$1:$AE$3000,7,FALSE) -> 17:00 (16:00) | G30: =VLOOKUP($B$2+B30,Partite!$A$1:$AE$3000,8,FALSE) -> KuPS | H30: =IFERROR(VLOOKUP(G30,Classifica!$C$2:$R$131,3,FALSE),"") -> 9 | I30: =IFERROR(VLOOKUP(G30,Classifica!$C$2:$R$131,4,FALSE),"") -> 6 | J30: =IFERROR(VLOOKUP(G30,Classifica!$C$2:$R$131,5,FALSE),"") -> 1 | K30: =IFERROR(VLOOKUP(G30,Classifica!$C$2:$R$131,6,FALSE),"") -> 29 | L30: =IFERROR(VLOOKUP(G30,Classifica!$C$2:$R$131,7,FALSE),"") -> 15 | M30: =IFERROR(VLOOKUP(G30,Classifica!$C$2:$R$131,8,FALSE),"") -> 14 | N30: =IFERROR(VLOOKUP(G30,Classifica!$C$2:$R$131,9,FALSE),"") -> 33 | O30: =IFERROR(VLOOKUP(G30,Classifica!$C$2:$R$131,16,FALSE),"") -> 1 | P30: =IFERROR(MID(INDEX(Classifica!M:M, MATCH(G30, Classifica!C:C, 0)), 1, 1), "") -> D | Q30: =IFERROR(MID(INDEX(Classifica!M:M, MATCH(G30, Classifica!C:C, 0)), 3, 1), "") -> W | R30: =IFERROR(MID(INDEX(Classifica!M:M, MATCH(G30, Classifica!C:C, 0)), 5, 1), "") -> W | S30: =IFERROR(MID(INDEX(Classifica!M:M, MATCH(G30, Classifica!C:C, 0)), 7, 1), "") -> W | T30: =IFERROR(MID(INDEX(Classifica!M:M, MATCH(G30, Classifica!C:C, 0)), 9, 1), "") -> W | U30: =IFERROR(IF(P30="","",COUNTIF(P30:T30,"W")*20+COUNTIF(P30:T30,"D")*7),"") -> 87 | V30: =IFERROR(ABS(U30-U31),"") -> 20 | W30: =COUNTIFS(Partite!$V:$V,1,Partite!$H:$H,Palinsesto!G30)+COUNTIFS(Partite!$V:$V,1,Partite!$J:$J,Palinsesto!G30) -> 8 | X30: =IFERROR(AVERAGE(IFERROR(INT(W30/(SUM(H30:J30))*100),""),IFERROR(INT(W31/(SUM(H31:J31))*100),"")),"") -> 50 | Y30: =INDEX(AC$4:AE$4, MATCH(MAX(AC30:AE30), AC30:AE30, 0)) -> 0-2 | Z30: =IFERROR(INT((LARGE(AC30:AE30,1)/SUM(H30:J30))*100),"") -> 81 | AA30: =COUNTIFS(Partite!$W:$W,1,Partite!$H:$H,Palinsesto!G30)+COUNTIFS(Partite!$W:$W,1,Partite!$J:$J,Palinsesto!G30) -> 14 | AB30: =IFERROR(INT(AVERAGE(AA30/(SUM(H30:J30))*100,(AA31/(SUM(H31:J31))*100))),"") -> 75 | AC30: =COUNTIFS(Partite!$X:$X,1,Partite!$H:$H,Palinsesto!G30)+COUNTIFS(Partite!$X:$X,1,Partite!$J:$J,Palinsesto!G30) -> 13 | AD30: =COUNTIFS(Partite!$Y:$Y,1,Partite!$H:$H,Palinsesto!G30)+COUNTIFS(Partite!$Y:$Y,1,Partite!$J:$J,Palinsesto!G30) -> 12 | AE30: =COUNTIFS(Partite!$Z:$Z,1,Partite!$H:$H,Palinsesto!G30)+COUNTIFS(Partite!$Z:$Z,1,Partite!$J:$J,Palinsesto!G30) -> 5
G31: =VLOOKUP($B$2+B30,Partite!$A$1:$AE$3000,10,FALSE) -> VPS | H31: =IFERROR(VLOOKUP(G31,Classifica!$C$2:$R$131,3,FALSE),"") -> 7 | I31: =IFERROR(VLOOKUP(G31,Classifica!$C$2:$R$131,4,FALSE),"") -> 6 | J31: =IFERROR(VLOOKUP(G31,Classifica!$C$2:$R$131,5,FALSE),"") -> 3 | K31: =IFERROR(VLOOKUP(G31,Classifica!$C$2:$R$131,6,FALSE),"") -> 23 | L31: =IFERROR(VLOOKUP(G31,Classifica!$C$2:$R$131,7,FALSE),"") -> 13 | M31: =IFERROR(VLOOKUP(G31,Classifica!$C$2:$R$131,8,FALSE),"") -> 10 | N31: =IFERROR(VLOOKUP(G31,Classifica!$C$2:$R$131,9,FALSE),"") -> 27 | O31: =IFERROR(VLOOKUP(G31,Classifica!$C$2:$R$131,16,FALSE),"") -> 3 | P31: =IFERROR(MID(INDEX(Classifica!M:M, MATCH(G31, Classifica!C:C, 0)), 1, 1), "") -> W | Q31: =IFERROR(MID(INDEX(Classifica!M:M, MATCH(G31, Classifica!C:C, 0)), 3, 1), "") -> D | R31: =IFERROR(MID(INDEX(Classifica!M:M, MATCH(G31, Classifica!C:C, 0)), 5, 1), "") -> W | S31: =IFERROR(MID(INDEX(Classifica!M:M, MATCH(G31, Classifica!C:C, 0)), 7, 1), "") -> W | T31: =IFERROR(MID(INDEX(Classifica!M:M, MATCH(G31, Classifica!C:C, 0)), 9, 1), "") -> L | U31: =IFERROR(IF(P31="","",COUNTIF(P31:T31,"W")*20+COUNTIF(P31:T31,"D")*7),"") -> 67 | W31: =COUNTIFS(Partite!$V:$V,1,Partite!$H:$H,Palinsesto!G31)+COUNTIFS(Partite!$V:$V,1,Partite!$J:$J,Palinsesto!G31) -> 8 | Y31: =INDEX(AC$4:AE$4, MATCH(MAX(AC31:AE31), AC31:AE31, 0)) -> 0-2 | Z31: =IFERROR(INT((LARGE(AC31:AE31,1)/SUM(H31:J31))*100),"") -> 81 | AA31: =COUNTIFS(Partite!$W:$W,1,Partite!$H:$H,Palinsesto!G31)+COUNTIFS(Partite!$W:$W,1,Partite!$J:$J,Palinsesto!G31) -> 10 | AC31: =COUNTIFS(Partite!$X:$X,1,Partite!$H:$H,Palinsesto!G31)+COUNTIFS(Partite!$X:$X,1,Partite!$J:$J,Palinsesto!G31) -> 13 | AD31: =COUNTIFS(Partite!$Y:$Y,1,Partite!$H:$H,Palinsesto!G31)+COUNTIFS(Partite!$Y:$Y,1,Partite!$J:$J,Palinsesto!G31) -> 11 | AE31: =COUNTIFS(Partite!$Z:$Z,1,Partite!$H:$H,Palinsesto!G31)+COUNTIFS(Partite!$Z:$Z,1,Partite!$J:$J,Palinsesto!G31) -> 5
B33: =B30+1 -> 10 | C33: =VLOOKUP($B$2+B33,Partite!$A$1:$AE$3000,2,FALSE) -> Allsvenskan | D33: =VLOOKUP($B$2+B33,Partite!$A$1:$AE$3000,4,FALSE) -> 14 | E33: =VLOOKUP($B$2+B33,Partite!$A$1:$AE$3000,6,FALSE) -> 46228 | F33: =VLOOKUP($B$2+B33,Partite!$A$1:$AE$3000,7,FALSE) -> 15:00 | G33: =VLOOKUP($B$2+B33,Partite!$A$1:$AE$3000,8,FALSE) -> Degerfors | H33: =IFERROR(VLOOKUP(G33,Classifica!$C$2:$R$131,3,FALSE),"") -> 2 | I33: =IFERROR(VLOOKUP(G33,Classifica!$C$2:$R$131,4,FALSE),"") -> 4 | J33: =IFERROR(VLOOKUP(G33,Classifica!$C$2:$R$131,5,FALSE),"") -> 6 | K33: =IFERROR(VLOOKUP(G33,Classifica!$C$2:$R$131,6,FALSE),"") -> 12 | L33: =IFERROR(VLOOKUP(G33,Classifica!$C$2:$R$131,7,FALSE),"") -> 19 | M33: =IFERROR(VLOOKUP(G33,Classifica!$C$2:$R$131,8,FALSE),"") -> -7 | N33: =IFERROR(VLOOKUP(G33,Classifica!$C$2:$R$131,9,FALSE),"") -> 10 | O33: =IFERROR(VLOOKUP(G33,Classifica!$C$2:$R$131,16,FALSE),"") -> 14 | P33: =IFERROR(MID(INDEX(Classifica!M:M, MATCH(G33, Classifica!C:C, 0)), 1, 1), "") -> D | Q33: =IFERROR(MID(INDEX(Classifica!M:M, MATCH(G33, Classifica!C:C, 0)), 3, 1), "") -> L | R33: =IFERROR(MID(INDEX(Classifica!M:M, MATCH(G33, Classifica!C:C, 0)), 5, 1), "") -> D | S33: =IFERROR(MID(INDEX(Classifica!M:M, MATCH(G33, Classifica!C:C, 0)), 7, 1), "") -> L | T33: =IFERROR(MID(INDEX(Classifica!M:M, MATCH(G33, Classifica!C:C, 0)), 9, 1), "") -> L | U33: =IFERROR(IF(P33="","",COUNTIF(P33:T33,"W")*20+COUNTIF(P33:T33,"D")*7),"") -> 14 | V33: =IFERROR(ABS(U33-U34),"") -> 46 | W33: =COUNTIFS(Partite!$V:$V,1,Partite!$H:$H,Palinsesto!G33)+COUNTIFS(Partite!$V:$V,1,Partite!$J:$J,Palinsesto!G33) -> 8 | X33: =IFERROR(AVERAGE(IFERROR(INT(W33/(SUM(H33:J33))*100),""),IFERROR(INT(W34/(SUM(H34:J34))*100),"")),"") -> 55.5 | Y33: =INDEX(AC$4:AE$4, MATCH(MAX(AC33:AE33), AC33:AE33, 0)) -> 0-2 | Z33: =IFERROR(INT((LARGE(AC33:AE33,1)/SUM(H33:J33))*100),"") -> 100 | AA33: =COUNTIFS(Partite!$W:$W,1,Partite!$H:$H,Palinsesto!G33)+COUNTIFS(Partite!$W:$W,1,Partite!$J:$J,Palinsesto!G33) -> 11 | AB33: =IFERROR(INT(AVERAGE(AA33/(SUM(H33:J33))*100,(AA34/(SUM(H34:J34))*100))),"") -> 86 | AC33: =COUNTIFS(Partite!$X:$X,1,Partite!$H:$H,Palinsesto!G33)+COUNTIFS(Partite!$X:$X,1,Partite!$J:$J,Palinsesto!G33) -> 12 | AD33: =COUNTIFS(Partite!$Y:$Y,1,Partite!$H:$H,Palinsesto!G33)+COUNTIFS(Partite!$Y:$Y,1,Partite!$J:$J,Palinsesto!G33) -> 8 | AE33: =COUNTIFS(Partite!$Z:$Z,1,Partite!$H:$H,Palinsesto!G33)+COUNTIFS(Partite!$Z:$Z,1,Partite!$J:$J,Palinsesto!G33) -> 5
G34: =VLOOKUP($B$2+B33,Partite!$A$1:$AE$3000,10,FALSE) -> Djurgården | H34: =IFERROR(VLOOKUP(G34,Classifica!$C$2:$R$131,3,FALSE),"") -> 6 | I34: =IFERROR(VLOOKUP(G34,Classifica!$C$2:$R$131,4,FALSE),"") -> 1 | J34: =IFERROR(VLOOKUP(G34,Classifica!$C$2:$R$131,5,FALSE),"") -> 4 | K34: =IFERROR(VLOOKUP(G34,Classifica!$C$2:$R$131,6,FALSE),"") -> 26 | L34: =IFERROR(VLOOKUP(G34,Classifica!$C$2:$R$131,7,FALSE),"") -> 15 | M34: =IFERROR(VLOOKUP(G34,Classifica!$C$2:$R$131,8,FALSE),"") -> 11 | N34: =IFERROR(VLOOKUP(G34,Classifica!$C$2:$R$131,9,FALSE),"") -> 19 | O34: =IFERROR(VLOOKUP(G34,Classifica!$C$2:$R$131,16,FALSE),"") -> 5 | P34: =IFERROR(MID(INDEX(Classifica!M:M, MATCH(G34, Classifica!C:C, 0)), 1, 1), "") -> W | Q34: =IFERROR(MID(INDEX(Classifica!M:M, MATCH(G34, Classifica!C:C, 0)), 3, 1), "") -> L | R34: =IFERROR(MID(INDEX(Classifica!M:M, MATCH(G34, Classifica!C:C, 0)), 5, 1), "") -> L | S34: =IFERROR(MID(INDEX(Classifica!M:M, MATCH(G34, Classifica!C:C, 0)), 7, 1), "") -> W | T34: =IFERROR(MID(INDEX(Classifica!M:M, MATCH(G34, Classifica!C:C, 0)), 9, 1), "") -> W | U34: =IFERROR(IF(P34="","",COUNTIF(P34:T34,"W")*20+COUNTIF(P34:T34,"D")*7),"") -> 60 | W34: =COUNTIFS(Partite!$V:$V,1,Partite!$H:$H,Palinsesto!G34)+COUNTIFS(Partite!$V:$V,1,Partite!$J:$J,Palinsesto!G34) -> 5 | Y34: =INDEX(AC$4:AE$4, MATCH(MAX(AC34:AE34), AC34:AE34, 0)) -> 0-2 | Z34: =IFERROR(INT((LARGE(AC34:AE34,1)/SUM(H34:J34))*100),"") -> 81 | AA34: =COUNTIFS(Partite!$W:$W,1,Partite!$H:$H,Palinsesto!G34)+COUNTIFS(Partite!$W:$W,1,Partite!$J:$J,Palinsesto!G34) -> 9 | AC34: =COUNTIFS(Partite!$X:$X,1,Partite!$H:$H,Palinsesto!G34)+COUNTIFS(Partite!$X:$X,1,Partite!$J:$J,Palinsesto!G34) -> 9 | AD34: =COUNTIFS(Partite!$Y:$Y,1,Partite!$H:$H,Palinsesto!G34)+COUNTIFS(Partite!$Y:$Y,1,Partite!$J:$J,Palinsesto!G34) -> 8 | AE34: =COUNTIFS(Partite!$Z:$Z,1,Partite!$H:$H,Palinsesto!G34)+COUNTIFS(Partite!$Z:$Z,1,Partite!$J:$J,Palinsesto!G34) -> 6
B36: =B33+1 -> 11 | C36: =VLOOKUP($B$2+B36,Partite!$A$1:$AE$3000,2,FALSE) -> Allsvenskan | D36: =VLOOKUP($B$2+B36,Partite!$A$1:$AE$3000,4,FALSE) -> 14 | E36: =VLOOKUP($B$2+B36,Partite!$A$1:$AE$3000,6,FALSE) -> 46228 | F36: =VLOOKUP($B$2+B36,Partite!$A$1:$AE$3000,7,FALSE) -> 17:30 | G36: =VLOOKUP($B$2+B36,Partite!$A$1:$AE$3000,8,FALSE) -> Kalmar | H36: =IFERROR(VLOOKUP(G36,Classifica!$C$2:$R$131,3,FALSE),"") -> 4 | I36: =IFERROR(VLOOKUP(G36,Classifica!$C$2:$R$131,4,FALSE),"") -> 1 | J36: =IFERROR(VLOOKUP(G36,Classifica!$C$2:$R$131,5,FALSE),"") -> 7 | K36: =IFERROR(VLOOKUP(G36,Classifica!$C$2:$R$131,6,FALSE),"") -> 14 | L36: =IFERROR(VLOOKUP(G36,Classifica!$C$2:$R$131,7,FALSE),"") -> 17 | M36: =IFERROR(VLOOKUP(G36,Classifica!$C$2:$R$131,8,FALSE),"") -> -3 | N36: =IFERROR(VLOOKUP(G36,Classifica!$C$2:$R$131,9,FALSE),"") -> 13 | O36: =IFERROR(VLOOKUP(G36,Classifica!$C$2:$R$131,16,FALSE),"") -> 12 | P36: =IFERROR(MID(INDEX(Classifica!M:M, MATCH(G36, Classifica!C:C, 0)), 1, 1), "") -> L | Q36: =IFERROR(MID(INDEX(Classifica!M:M, MATCH(G36, Classifica!C:C, 0)), 3, 1), "") -> W | R36: =IFERROR(MID(INDEX(Classifica!M:M, MATCH(G36, Classifica!C:C, 0)), 5, 1), "") -> L | S36: =IFERROR(MID(INDEX(Classifica!M:M, MATCH(G36, Classifica!C:C, 0)), 7, 1), "") -> W | T36: =IFERROR(MID(INDEX(Classifica!M:M, MATCH(G36, Classifica!C:C, 0)), 9, 1), "") -> L | U36: =IFERROR(IF(P36="","",COUNTIF(P36:T36,"W")*20+COUNTIF(P36:T36,"D")*7),"") -> 40 | V36: =IFERROR(ABS(U36-U37),"") -> 12 | W36: =COUNTIFS(Partite!$V:$V,1,Partite!$H:$H,Palinsesto!G36)+COUNTIFS(Partite!$V:$V,1,Partite!$J:$J,Palinsesto!G36) -> 9 | X36: =IFERROR(AVERAGE(IFERROR(INT(W36/(SUM(H36:J36))*100),""),IFERROR(INT(W37/(SUM(H37:J37))*100),"")),"") -> 60.5 | Y36: =INDEX(AC$4:AE$4, MATCH(MAX(AC36:AE36), AC36:AE36, 0)) -> 1-3 | Z36: =IFERROR(INT((LARGE(AC36:AE36,1)/SUM(H36:J36))*100),"") -> 100 | AA36: =COUNTIFS(Partite!$W:$W,1,Partite!$H:$H,Palinsesto!G36)+COUNTIFS(Partite!$W:$W,1,Partite!$J:$J,Palinsesto!G36) -> 10 | AB36: =IFERROR(INT(AVERAGE(AA36/(SUM(H36:J36))*100,(AA37/(SUM(H37:J37))*100))),"") -> 80 | AC36: =COUNTIFS(Partite!$X:$X,1,Partite!$H:$H,Palinsesto!G36)+COUNTIFS(Partite!$X:$X,1,Partite!$J:$J,Palinsesto!G36) -> 9 | AD36: =COUNTIFS(Partite!$Y:$Y,1,Partite!$H:$H,Palinsesto!G36)+COUNTIFS(Partite!$Y:$Y,1,Partite!$J:$J,Palinsesto!G36) -> 12 | AE36: =COUNTIFS(Partite!$Z:$Z,1,Partite!$H:$H,Palinsesto!G36)+COUNTIFS(Partite!$Z:$Z,1,Partite!$J:$J,Palinsesto!G36) -> 9
G37: =VLOOKUP($B$2+B36,Partite!$A$1:$AE$3000,10,FALSE) -> Mjällby | H37: =IFERROR(VLOOKUP(G37,Classifica!$C$2:$R$131,3,FALSE),"") -> 4 | I37: =IFERROR(VLOOKUP(G37,Classifica!$C$2:$R$131,4,FALSE),"") -> 5 | J37: =IFERROR(VLOOKUP(G37,Classifica!$C$2:$R$131,5,FALSE),"") -> 4 | K37: =IFERROR(VLOOKUP(G37,Classifica!$C$2:$R$131,6,FALSE),"") -> 19 | L37: =IFERROR(VLOOKUP(G37,Classifica!$C$2:$R$131,7,FALSE),"") -> 17 | M37: =IFERROR(VLOOKUP(G37,Classifica!$C$2:$R$131,8,FALSE),"") -> 2 | N37: =IFERROR(VLOOKUP(G37,Classifica!$C$2:$R$131,9,FALSE),"") -> 17 | O37: =IFERROR(VLOOKUP(G37,Classifica!$C$2:$R$131,16,FALSE),"") -> 10 | P37: =IFERROR(MID(INDEX(Classifica!M:M, MATCH(G37, Classifica!C:C, 0)), 1, 1), "") -> D | Q37: =IFERROR(MID(INDEX(Classifica!M:M, MATCH(G37, Classifica!C:C, 0)), 3, 1), "") -> D | R37: =IFERROR(MID(INDEX(Classifica!M:M, MATCH(G37, Classifica!C:C, 0)), 5, 1), "") -> D | S37: =IFERROR(MID(INDEX(Classifica!M:M, MATCH(G37, Classifica!C:C, 0)), 7, 1), "") -> L | T37: =IFERROR(MID(INDEX(Classifica!M:M, MATCH(G37, Classifica!C:C, 0)), 9, 1), "") -> D | U37: =IFERROR(IF(P37="","",COUNTIF(P37:T37,"W")*20+COUNTIF(P37:T37,"D")*7),"") -> 28 | W37: =COUNTIFS(Partite!$V:$V,1,Partite!$H:$H,Palinsesto!G37)+COUNTIFS(Partite!$V:$V,1,Partite!$J:$J,Palinsesto!G37) -> 6 | Y37: =INDEX(AC$4:AE$4, MATCH(MAX(AC37:AE37), AC37:AE37, 0)) -> 0-2 | Z37: =IFERROR(INT((LARGE(AC37:AE37,1)/SUM(H37:J37))*100),"") -> 76 | AA37: =COUNTIFS(Partite!$W:$W,1,Partite!$H:$H,Palinsesto!G37)+COUNTIFS(Partite!$W:$W,1,Partite!$J:$J,Palinsesto!G37) -> 10 | AC37: =COUNTIFS(Partite!$X:$X,1,Partite!$H:$H,Palinsesto!G37)+COUNTIFS(Partite!$X:$X,1,Partite!$J:$J,Palinsesto!G37) -> 10 | AD37: =COUNTIFS(Partite!$Y:$Y,1,Partite!$H:$H,Palinsesto!G37)+COUNTIFS(Partite!$Y:$Y,1,Partite!$J:$J,Palinsesto!G37) -> 8 | AE37: =COUNTIFS(Partite!$Z:$Z,1,Partite!$H:$H,Palinsesto!G37)+COUNTIFS(Partite!$Z:$Z,1,Partite!$J:$J,Palinsesto!G37) -> 5
B39: =B36+1 -> 12 | C39: =VLOOKUP($B$2+B39,Partite!$A$1:$AE$3000,2,FALSE) -> Chinese | D39: =VLOOKUP($B$2+B39,Partite!$A$1:$AE$3000,4,FALSE) -> 20 | E39: =VLOOKUP($B$2+B39,Partite!$A$1:$AE$3000,6,FALSE) -> 46228 | F39: =VLOOKUP($B$2+B39,Partite!$A$1:$AE$3000,7,FALSE) -> 17:30 (11:30) | G39: =VLOOKUP($B$2+B39,Partite!$A$1:$AE$3000,8,FALSE) -> Qingdao Hainiu | H39: =IFERROR(VLOOKUP(G39,Classifica!$C$2:$R$131,3,FALSE),"") -> 6 | I39: =IFERROR(VLOOKUP(G39,Classifica!$C$2:$R$131,4,FALSE),"") -> 3 | J39: =IFERROR(VLOOKUP(G39,Classifica!$C$2:$R$131,5,FALSE),"") -> 10 | K39: =IFERROR(VLOOKUP(G39,Classifica!$C$2:$R$131,6,FALSE),"") -> 30 | L39: =IFERROR(VLOOKUP(G39,Classifica!$C$2:$R$131,7,FALSE),"") -> 36 | M39: =IFERROR(VLOOKUP(G39,Classifica!$C$2:$R$131,8,FALSE),"") -> -6 | N39: =IFERROR(VLOOKUP(G39,Classifica!$C$2:$R$131,9,FALSE),"") -> 21 | O39: =IFERROR(VLOOKUP(G39,Classifica!$C$2:$R$131,16,FALSE),"") -> 14 | P39: =IFERROR(MID(INDEX(Classifica!M:M, MATCH(G39, Classifica!C:C, 0)), 1, 1), "") -> L | Q39: =IFERROR(MID(INDEX(Classifica!M:M, MATCH(G39, Classifica!C:C, 0)), 3, 1), "") -> W | R39: =IFERROR(MID(INDEX(Classifica!M:M, MATCH(G39, Classifica!C:C, 0)), 5, 1), "") -> D | S39: =IFERROR(MID(INDEX(Classifica!M:M, MATCH(G39, Classifica!C:C, 0)), 7, 1), "") -> L | T39: =IFERROR(MID(INDEX(Classifica!M:M, MATCH(G39, Classifica!C:C, 0)), 9, 1), "") -> L | U39: =IFERROR(IF(P39="","",COUNTIF(P39:T39,"W")*20+COUNTIF(P39:T39,"D")*7),"") -> 27 | V39: =IFERROR(ABS(U39-U40),"") -> 40 | W39: =COUNTIFS(Partite!$V:$V,1,Partite!$H:$H,Palinsesto!G39)+COUNTIFS(Partite!$V:$V,1,Partite!$J:$J,Palinsesto!G39) -> 9 | X39: =IFERROR(AVERAGE(IFERROR(INT(W39/(SUM(H39:J39))*100),""),IFERROR(INT(W40/(SUM(H40:J40))*100),"")),"") -> 51 | Y39: =INDEX(AC$4:AE$4, MATCH(MAX(AC39:AE39), AC39:AE39, 0)) -> 1-3 | Z39: =IFERROR(INT((LARGE(AC39:AE39,1)/SUM(H39:J39))*100),"") -> 68 | AA39: =COUNTIFS(Partite!$W:$W,1,Partite!$H:$H,Palinsesto!G39)+COUNTIFS(Partite!$W:$W,1,Partite!$J:$J,Palinsesto!G39) -> 15 | AB39: =IFERROR(INT(AVERAGE(AA39/(SUM(H39:J39))*100,(AA40/(SUM(H40:J40))*100))),"") -> 78 | AC39: =COUNTIFS(Partite!$X:$X,1,Partite!$H:$H,Palinsesto!G39)+COUNTIFS(Partite!$X:$X,1,Partite!$J:$J,Palinsesto!G39) -> 10 | AD39: =COUNTIFS(Partite!$Y:$Y,1,Partite!$H:$H,Palinsesto!G39)+COUNTIFS(Partite!$Y:$Y,1,Partite!$J:$J,Palinsesto!G39) -> 13 | AE39: =COUNTIFS(Partite!$Z:$Z,1,Partite!$H:$H,Palinsesto!G39)+COUNTIFS(Partite!$Z:$Z,1,Partite!$J:$J,Palinsesto!G39) -> 11
G40: =VLOOKUP($B$2+B39,Partite!$A$1:$AE$3000,10,FALSE) -> Jinmen Tiger | H40: =IFERROR(VLOOKUP(G40,Classifica!$C$2:$R$131,3,FALSE),"") -> 5 | I40: =IFERROR(VLOOKUP(G40,Classifica!$C$2:$R$131,4,FALSE),"") -> 6 | J40: =IFERROR(VLOOKUP(G40,Classifica!$C$2:$R$131,5,FALSE),"") -> 7 | K40: =IFERROR(VLOOKUP(G40,Classifica!$C$2:$R$131,6,FALSE),"") -> 24 | L40: =IFERROR(VLOOKUP(G40,Classifica!$C$2:$R$131,7,FALSE),"") -> 22 | M40: =IFERROR(VLOOKUP(G40,Classifica!$C$2:$R$131,8,FALSE),"") -> 2 | N40: =IFERROR(VLOOKUP(G40,Classifica!$C$2:$R$131,9,FALSE),"") -> 21 | O40: =IFERROR(VLOOKUP(G40,Classifica!$C$2:$R$131,16,FALSE),"") -> 15 | P40: =IFERROR(MID(INDEX(Classifica!M:M, MATCH(G40, Classifica!C:C, 0)), 1, 1), "") -> D | Q40: =IFERROR(MID(INDEX(Classifica!M:M, MATCH(G40, Classifica!C:C, 0)), 3, 1), "") -> W | R40: =IFERROR(MID(INDEX(Classifica!M:M, MATCH(G40, Classifica!C:C, 0)), 5, 1), "") -> L | S40: =IFERROR(MID(INDEX(Classifica!M:M, MATCH(G40, Classifica!C:C, 0)), 7, 1), "") -> W | T40: =IFERROR(MID(INDEX(Classifica!M:M, MATCH(G40, Classifica!C:C, 0)), 9, 1), "") -> W | U40: =IFERROR(IF(P40="","",COUNTIF(P40:T40,"W")*20+COUNTIF(P40:T40,"D")*7),"") -> 67 | W40: =COUNTIFS(Partite!$V:$V,1,Partite!$H:$H,Palinsesto!G40)+COUNTIFS(Partite!$V:$V,1,Partite!$J:$J,Palinsesto!G40) -> 10 | Y40: =INDEX(AC$4:AE$4, MATCH(MAX(AC40:AE40), AC40:AE40, 0)) -> 0-2 | Z40: =IFERROR(INT((LARGE(AC40:AE40,1)/SUM(H40:J40))*100),"") -> 88 | AA40: =COUNTIFS(Partite!$W:$W,1,Partite!$H:$H,Palinsesto!G40)+COUNTIFS(Partite!$W:$W,1,Partite!$J:$J,Palinsesto!G40) -> 14 | AC40: =COUNTIFS(Partite!$X:$X,1,Partite!$H:$H,Palinsesto!G40)+COUNTIFS(Partite!$X:$X,1,Partite!$J:$J,Palinsesto!G40) -> 16 | AD40: =COUNTIFS(Partite!$Y:$Y,1,Partite!$H:$H,Palinsesto!G40)+COUNTIFS(Partite!$Y:$Y,1,Partite!$J:$J,Palinsesto!G40) -> 15 | AE40: =COUNTIFS(Partite!$Z:$Z,1,Partite!$H:$H,Palinsesto!G40)+COUNTIFS(Partite!$Z:$Z,1,Partite!$J:$J,Palinsesto!G40) -> 5
B42: =B39+1 -> 13 | C42: =VLOOKUP($B$2+B42,Partite!$A$1:$AE$3000,2,FALSE) -> Chinese | D42: =VLOOKUP($B$2+B42,Partite!$A$1:$AE$3000,4,FALSE) -> 20 | E42: =VLOOKUP($B$2+B42,Partite!$A$1:$AE$3000,6,FALSE) -> 46228 | F42: =VLOOKUP($B$2+B42,Partite!$A$1:$AE$3000,7,FALSE) -> 19:35 (13:35) | G42: =VLOOKUP($B$2+B42,Partite!$A$1:$AE$3000,8,FALSE) -> Shanghai Port | H42: =IFERROR(VLOOKUP(G42,Classifica!$C$2:$R$131,3,FALSE),"") -> 5 | I42: =IFERROR(VLOOKUP(G42,Classifica!$C$2:$R$131,4,FALSE),"") -> 6 | J42: =IFERROR(VLOOKUP(G42,Classifica!$C$2:$R$131,5,FALSE),"") -> 7 | K42: =IFERROR(VLOOKUP(G42,Classifica!$C$2:$R$131,6,FALSE),"") -> 28 | L42: =IFERROR(VLOOKUP(G42,Classifica!$C$2:$R$131,7,FALSE),"") -> 26 | M42: =IFERROR(VLOOKUP(G42,Classifica!$C$2:$R$131,8,FALSE),"") -> 2 | N42: =IFERROR(VLOOKUP(G42,Classifica!$C$2:$R$131,9,FALSE),"") -> 21 | O42: =IFERROR(VLOOKUP(G42,Classifica!$C$2:$R$131,16,FALSE),"") -> 13 | P42: =IFERROR(MID(INDEX(Classifica!M:M, MATCH(G42, Classifica!C:C, 0)), 1, 1), "") -> D | Q42: =IFERROR(MID(INDEX(Classifica!M:M, MATCH(G42, Classifica!C:C, 0)), 3, 1), "") -> L | R42: =IFERROR(MID(INDEX(Classifica!M:M, MATCH(G42, Classifica!C:C, 0)), 5, 1), "") -> W | S42: =IFERROR(MID(INDEX(Classifica!M:M, MATCH(G42, Classifica!C:C, 0)), 7, 1), "") -> L | T42: =IFERROR(MID(INDEX(Classifica!M:M, MATCH(G42, Classifica!C:C, 0)), 9, 1), "") -> D | U42: =IFERROR(IF(P42="","",COUNTIF(P42:T42,"W")*20+COUNTIF(P42:T42,"D")*7),"") -> 34 | V42: =IFERROR(ABS(U42-U43),"") -> 13 | W42: =COUNTIFS(Partite!$V:$V,1,Partite!$H:$H,Palinsesto!G42)+COUNTIFS(Partite!$V:$V,1,Partite!$J:$J,Palinsesto!G42) -> 10 | X42: =IFERROR(AVERAGE(IFERROR(INT(W42/(SUM(H42:J42))*100),""),IFERROR(INT(W43/(SUM(H43:J43))*100),"")),"") -> 46.5 | Y42: =INDEX(AC$4:AE$4, MATCH(MAX(AC42:AE42), AC42:AE42, 0)) -> 1-3 | Z42: =IFERROR(INT((LARGE(AC42:AE42,1)/SUM(H42:J42))*100),"") -> 83 | AA42: =COUNTIFS(Partite!$W:$W,1,Partite!$H:$H,Palinsesto!G42)+COUNTIFS(Partite!$W:$W,1,Partite!$J:$J,Palinsesto!G42) -> 15 | AB42: =IFERROR(INT(AVERAGE(AA42/(SUM(H42:J42))*100,(AA43/(SUM(H43:J43))*100))),"") -> 86 | AC42: =COUNTIFS(Partite!$X:$X,1,Partite!$H:$H,Palinsesto!G42)+COUNTIFS(Partite!$X:$X,1,Partite!$J:$J,Palinsesto!G42) -> 14 | AD42: =COUNTIFS(Partite!$Y:$Y,1,Partite!$H:$H,Palinsesto!G42)+COUNTIFS(Partite!$Y:$Y,1,Partite!$J:$J,Palinsesto!G42) -> 15 | AE42: =COUNTIFS(Partite!$Z:$Z,1,Partite!$H:$H,Palinsesto!G42)+COUNTIFS(Partite!$Z:$Z,1,Partite!$J:$J,Palinsesto!G42) -> 9
G43: =VLOOKUP($B$2+B42,Partite!$A$1:$AE$3000,10,FALSE) -> Shanghai Shen | H43: =IFERROR(VLOOKUP(G43,Classifica!$C$2:$R$131,3,FALSE),"") -> 8 | I43: =IFERROR(VLOOKUP(G43,Classifica!$C$2:$R$131,4,FALSE),"") -> 5 | J43: =IFERROR(VLOOKUP(G43,Classifica!$C$2:$R$131,5,FALSE),"") -> 5 | K43: =IFERROR(VLOOKUP(G43,Classifica!$C$2:$R$131,6,FALSE),"") -> 36 | L43: =IFERROR(VLOOKUP(G43,Classifica!$C$2:$R$131,7,FALSE),"") -> 29 | M43: =IFERROR(VLOOKUP(G43,Classifica!$C$2:$R$131,8,FALSE),"") -> 7 | N43: =IFERROR(VLOOKUP(G43,Classifica!$C$2:$R$131,9,FALSE),"") -> 29 | O43: =IFERROR(VLOOKUP(G43,Classifica!$C$2:$R$131,16,FALSE),"") -> 11 | P43: =IFERROR(MID(INDEX(Classifica!M:M, MATCH(G43, Classifica!C:C, 0)), 1, 1), "") -> L | Q43: =IFERROR(MID(INDEX(Classifica!M:M, MATCH(G43, Classifica!C:C, 0)), 3, 1), "") -> D | R43: =IFERROR(MID(INDEX(Classifica!M:M, MATCH(G43, Classifica!C:C, 0)), 5, 1), "") -> W | S43: =IFERROR(MID(INDEX(Classifica!M:M, MATCH(G43, Classifica!C:C, 0)), 7, 1), "") -> W | T43: =IFERROR(MID(INDEX(Classifica!M:M, MATCH(G43, Classifica!C:C, 0)), 9, 1), "") -> L | U43: =IFERROR(IF(P43="","",COUNTIF(P43:T43,"W")*20+COUNTIF(P43:T43,"D")*7),"") -> 47 | W43: =COUNTIFS(Partite!$V:$V,1,Partite!$H:$H,Palinsesto!G43)+COUNTIFS(Partite!$V:$V,1,Partite!$J:$J,Palinsesto!G43) -> 7 | Y43: =INDEX(AC$4:AE$4, MATCH(MAX(AC43:AE43), AC43:AE43, 0)) -> 0-2 | Z43: =IFERROR(INT((LARGE(AC43:AE43,1)/SUM(H43:J43))*100),"") -> 77 | AA43: =COUNTIFS(Partite!$W:$W,1,Partite!$H:$H,Palinsesto!G43)+COUNTIFS(Partite!$W:$W,1,Partite!$J:$J,Palinsesto!G43) -> 16 | AC43: =COUNTIFS(Partite!$X:$X,1,Partite!$H:$H,Palinsesto!G43)+COUNTIFS(Partite!$X:$X,1,Partite!$J:$J,Palinsesto!G43) -> 14 | AD43: =COUNTIFS(Partite!$Y:$Y,1,Partite!$H:$H,Palinsesto!G43)+COUNTIFS(Partite!$Y:$Y,1,Partite!$J:$J,Palinsesto!G43) -> 14 | AE43: =COUNTIFS(Partite!$Z:$Z,1,Partite!$H:$H,Palinsesto!G43)+COUNTIFS(Partite!$Z:$Z,1,Partite!$J:$J,Palinsesto!G43) -> 10
B45: =B42+1 -> 14 | C45: =VLOOKUP($B$2+B45,Partite!$A$1:$AE$3000,2,FALSE) -> Chinese | D45: =VLOOKUP($B$2+B45,Partite!$A$1:$AE$3000,4,FALSE) -> 20 | E45: =VLOOKUP($B$2+B45,Partite!$A$1:$AE$3000,6,FALSE) -> 46228 | F45: =VLOOKUP($B$2+B45,Partite!$A$1:$AE$3000,7,FALSE) -> 19:35 (13:35) | G45: =VLOOKUP($B$2+B45,Partite!$A$1:$AE$3000,8,FALSE) -> Shenyang Urban | H45: =IFERROR(VLOOKUP(G45,Classifica!$C$2:$R$131,3,FALSE),"") -> 6 | I45: =IFERROR(VLOOKUP(G45,Classifica!$C$2:$R$131,4,FALSE),"") -> 3 | J45: =IFERROR(VLOOKUP(G45,Classifica!$C$2:$R$131,5,FALSE),"") -> 9 | K45: =IFERROR(VLOOKUP(G45,Classifica!$C$2:$R$131,6,FALSE),"") -> 25 | L45: =IFERROR(VLOOKUP(G45,Classifica!$C$2:$R$131,7,FALSE),"") -> 30 | M45: =IFERROR(VLOOKUP(G45,Classifica!$C$2:$R$131,8,FALSE),"") -> -5 | N45: =IFERROR(VLOOKUP(G45,Classifica!$C$2:$R$131,9,FALSE),"") -> 21 | O45: =IFERROR(VLOOKUP(G45,Classifica!$C$2:$R$131,16,FALSE),"") -> 8 | P45: =IFERROR(MID(INDEX(Classifica!M:M, MATCH(G45, Classifica!C:C, 0)), 1, 1), "") -> W | Q45: =IFERROR(MID(INDEX(Classifica!M:M, MATCH(G45, Classifica!C:C, 0)), 3, 1), "") -> W | R45: =IFERROR(MID(INDEX(Classifica!M:M, MATCH(G45, Classifica!C:C, 0)), 5, 1), "") -> L | S45: =IFERROR(MID(INDEX(Classifica!M:M, MATCH(G45, Classifica!C:C, 0)), 7, 1), "") -> W | T45: =IFERROR(MID(INDEX(Classifica!M:M, MATCH(G45, Classifica!C:C, 0)), 9, 1), "") -> D | U45: =IFERROR(IF(P45="","",COUNTIF(P45:T45,"W")*20+COUNTIF(P45:T45,"D")*7),"") -> 67 | V45: =IFERROR(ABS(U45-U46),"") -> 13 | W45: =COUNTIFS(Partite!$V:$V,1,Partite!$H:$H,Palinsesto!G45)+COUNTIFS(Partite!$V:$V,1,Partite!$J:$J,Palinsesto!G45) -> 12 | X45: =IFERROR(AVERAGE(IFERROR(INT(W45/(SUM(H45:J45))*100),""),IFERROR(INT(W46/(SUM(H46:J46))*100),"")),"") -> 46 | Y45: =INDEX(AC$4:AE$4, MATCH(MAX(AC45:AE45), AC45:AE45, 0)) -> 1-3 | Z45: =IFERROR(INT((LARGE(AC45:AE45,1)/SUM(H45:J45))*100),"") -> 77 | AA45: =COUNTIFS(Partite!$W:$W,1,Partite!$H:$H,Palinsesto!G45)+COUNTIFS(Partite!$W:$W,1,Partite!$J:$J,Palinsesto!G45) -> 14 | AB45: =IFERROR(INT(AVERAGE(AA45/(SUM(H45:J45))*100,(AA46/(SUM(H46:J46))*100))),"") -> 80 | AC45: =COUNTIFS(Partite!$X:$X,1,Partite!$H:$H,Palinsesto!G45)+COUNTIFS(Partite!$X:$X,1,Partite!$J:$J,Palinsesto!G45) -> 12 | AD45: =COUNTIFS(Partite!$Y:$Y,1,Partite!$H:$H,Palinsesto!G45)+COUNTIFS(Partite!$Y:$Y,1,Partite!$J:$J,Palinsesto!G45) -> 14 | AE45: =COUNTIFS(Partite!$Z:$Z,1,Partite!$H:$H,Palinsesto!G45)+COUNTIFS(Partite!$Z:$Z,1,Partite!$J:$J,Palinsesto!G45) -> 9
G46: =VLOOKUP($B$2+B45,Partite!$A$1:$AE$3000,10,FALSE) -> Q. West Coast | H46: =IFERROR(VLOOKUP(G46,Classifica!$C$2:$R$131,3,FALSE),"") -> 5 | I46: =IFERROR(VLOOKUP(G46,Classifica!$C$2:$R$131,4,FALSE),"") -> 10 | J46: =IFERROR(VLOOKUP(G46,Classifica!$C$2:$R$131,5,FALSE),"") -> 4 | K46: =IFERROR(VLOOKUP(G46,Classifica!$C$2:$R$131,6,FALSE),"") -> 23 | L46: =IFERROR(VLOOKUP(G46,Classifica!$C$2:$R$131,7,FALSE),"") -> 29 | M46: =IFERROR(VLOOKUP(G46,Classifica!$C$2:$R$131,8,FALSE),"") -> -6 | N46: =IFERROR(VLOOKUP(G46,Classifica!$C$2:$R$131,9,FALSE),"") -> 25 | O46: =IFERROR(VLOOKUP(G46,Classifica!$C$2:$R$131,16,FALSE),"") -> 4 | P46: =IFERROR(MID(INDEX(Classifica!M:M, MATCH(G46, Classifica!C:C, 0)), 1, 1), "") -> D | Q46: =IFERROR(MID(INDEX(Classifica!M:M, MATCH(G46, Classifica!C:C, 0)), 3, 1), "") -> W | R46: =IFERROR(MID(INDEX(Classifica!M:M, MATCH(G46, Classifica!C:C, 0)), 5, 1), "") -> W | S46: =IFERROR(MID(INDEX(Classifica!M:M, MATCH(G46, Classifica!C:C, 0)), 7, 1), "") -> L | T46: =IFERROR(MID(INDEX(Classifica!M:M, MATCH(G46, Classifica!C:C, 0)), 9, 1), "") -> D | U46: =IFERROR(IF(P46="","",COUNTIF(P46:T46,"W")*20+COUNTIF(P46:T46,"D")*7),"") -> 54 | W46: =COUNTIFS(Partite!$V:$V,1,Partite!$H:$H,Palinsesto!G46)+COUNTIFS(Partite!$V:$V,1,Partite!$J:$J,Palinsesto!G46) -> 5 | Y46: =INDEX(AC$4:AE$4, MATCH(MAX(AC46:AE46), AC46:AE46, 0)) -> 0-2 | Z46: =IFERROR(INT((LARGE(AC46:AE46,1)/SUM(H46:J46))*100),"") -> 78 | AA46: =COUNTIFS(Partite!$W:$W,1,Partite!$H:$H,Palinsesto!G46)+COUNTIFS(Partite!$W:$W,1,Partite!$J:$J,Palinsesto!G46) -> 16 | AC46: =COUNTIFS(Partite!$X:$X,1,Partite!$H:$H,Palinsesto!G46)+COUNTIFS(Partite!$X:$X,1,Partite!$J:$J,Palinsesto!G46) -> 15 | AD46: =COUNTIFS(Partite!$Y:$Y,1,Partite!$H:$H,Palinsesto!G46)+COUNTIFS(Partite!$Y:$Y,1,Partite!$J:$J,Palinsesto!G46) -> 15 | AE46: =COUNTIFS(Partite!$Z:$Z,1,Partite!$H:$H,Palinsesto!G46)+COUNTIFS(Partite!$Z:$Z,1,Partite!$J:$J,Palinsesto!G46) -> 9
B48: =B45+1 -> 15 | C48: =VLOOKUP($B$2+B48,Partite!$A$1:$AE$3000,2,FALSE) -> Chinese | D48: =VLOOKUP($B$2+B48,Partite!$A$1:$AE$3000,4,FALSE) -> 20 | E48: =VLOOKUP($B$2+B48,Partite!$A$1:$AE$3000,6,FALSE) -> 46228 | F48: =VLOOKUP($B$2+B48,Partite!$A$1:$AE$3000,7,FALSE) -> 20:00 (14:00) | G48: =VLOOKUP($B$2+B48,Partite!$A$1:$AE$3000,8,FALSE) -> Wuhan 3 Towns | H48: =IFERROR(VLOOKUP(G48,Classifica!$C$2:$R$131,3,FALSE),"") -> 3 | I48: =IFERROR(VLOOKUP(G48,Classifica!$C$2:$R$131,4,FALSE),"") -> 7 | J48: =IFERROR(VLOOKUP(G48,Classifica!$C$2:$R$131,5,FALSE),"") -> 8 | K48: =IFERROR(VLOOKUP(G48,Classifica!$C$2:$R$131,6,FALSE),"") -> 26 | L48: =IFERROR(VLOOKUP(G48,Classifica!$C$2:$R$131,7,FALSE),"") -> 34 | M48: =IFERROR(VLOOKUP(G48,Classifica!$C$2:$R$131,8,FALSE),"") -> -8 | N48: =IFERROR(VLOOKUP(G48,Classifica!$C$2:$R$131,9,FALSE),"") -> 16 | O48: =IFERROR(VLOOKUP(G48,Classifica!$C$2:$R$131,16,FALSE),"") -> 16 | P48: =IFERROR(MID(INDEX(Classifica!M:M, MATCH(G48, Classifica!C:C, 0)), 1, 1), "") -> D | Q48: =IFERROR(MID(INDEX(Classifica!M:M, MATCH(G48, Classifica!C:C, 0)), 3, 1), "") -> D | R48: =IFERROR(MID(INDEX(Classifica!M:M, MATCH(G48, Classifica!C:C, 0)), 5, 1), "") -> L | S48: =IFERROR(MID(INDEX(Classifica!M:M, MATCH(G48, Classifica!C:C, 0)), 7, 1), "") -> L | T48: =IFERROR(MID(INDEX(Classifica!M:M, MATCH(G48, Classifica!C:C, 0)), 9, 1), "") -> W | U48: =IFERROR(IF(P48="","",COUNTIF(P48:T48,"W")*20+COUNTIF(P48:T48,"D")*7),"") -> 34 | V48: =IFERROR(ABS(U48-U49),"") -> 0 | W48: =COUNTIFS(Partite!$V:$V,1,Partite!$H:$H,Palinsesto!G48)+COUNTIFS(Partite!$V:$V,1,Partite!$J:$J,Palinsesto!G48) -> 8 | X48: =IFERROR(AVERAGE(IFERROR(INT(W48/(SUM(H48:J48))*100),""),IFERROR(INT(W49/(SUM(H49:J49))*100),"")),"") -> 48 | Y48: =INDEX(AC$4:AE$4, MATCH(MAX(AC48:AE48), AC48:AE48, 0)) -> 0-2 | Z48: =IFERROR(INT((LARGE(AC48:AE48,1)/SUM(H48:J48))*100),"") -> 72 | AA48: =COUNTIFS(Partite!$W:$W,1,Partite!$H:$H,Palinsesto!G48)+COUNTIFS(Partite!$W:$W,1,Partite!$J:$J,Palinsesto!G48) -> 16 | AB48: =IFERROR(INT(AVERAGE(AA48/(SUM(H48:J48))*100,(AA49/(SUM(H49:J49))*100))),"") -> 76 | AC48: =COUNTIFS(Partite!$X:$X,1,Partite!$H:$H,Palinsesto!G48)+COUNTIFS(Partite!$X:$X,1,Partite!$J:$J,Palinsesto!G48) -> 13 | AD48: =COUNTIFS(Partite!$Y:$Y,1,Partite!$H:$H,Palinsesto!G48)+COUNTIFS(Partite!$Y:$Y,1,Partite!$J:$J,Palinsesto!G48) -> 13 | AE48: =COUNTIFS(Partite!$Z:$Z,1,Partite!$H:$H,Palinsesto!G48)+COUNTIFS(Partite!$Z:$Z,1,Partite!$J:$J,Palinsesto!G48) -> 11
G49: =VLOOKUP($B$2+B48,Partite!$A$1:$AE$3000,10,FALSE) -> Chongqing | H49: =IFERROR(VLOOKUP(G49,Classifica!$C$2:$R$131,3,FALSE),"") -> 7 | I49: =IFERROR(VLOOKUP(G49,Classifica!$C$2:$R$131,4,FALSE),"") -> 8 | J49: =IFERROR(VLOOKUP(G49,Classifica!$C$2:$R$131,5,FALSE),"") -> 4 | K49: =IFERROR(VLOOKUP(G49,Classifica!$C$2:$R$131,6,FALSE),"") -> 23 | L49: =IFERROR(VLOOKUP(G49,Classifica!$C$2:$R$131,7,FALSE),"") -> 21 | M49: =IFERROR(VLOOKUP(G49,Classifica!$C$2:$R$131,8,FALSE),"") -> 2 | N49: =IFERROR(VLOOKUP(G49,Classifica!$C$2:$R$131,9,FALSE),"") -> 29 | O49: =IFERROR(VLOOKUP(G49,Classifica!$C$2:$R$131,16,FALSE),"") -> 2 | P49: =IFERROR(MID(INDEX(Classifica!M:M, MATCH(G49, Classifica!C:C, 0)), 1, 1), "") -> L | Q49: =IFERROR(MID(INDEX(Classifica!M:M, MATCH(G49, Classifica!C:C, 0)), 3, 1), "") -> W | R49: =IFERROR(MID(INDEX(Classifica!M:M, MATCH(G49, Classifica!C:C, 0)), 5, 1), "") -> L | S49: =IFERROR(MID(INDEX(Classifica!M:M, MATCH(G49, Classifica!C:C, 0)), 7, 1), "") -> D | T49: =IFERROR(MID(INDEX(Classifica!M:M, MATCH(G49, Classifica!C:C, 0)), 9, 1), "") -> D | U49: =IFERROR(IF(P49="","",COUNTIF(P49:T49,"W")*20+COUNTIF(P49:T49,"D")*7),"") -> 34 | W49: =COUNTIFS(Partite!$V:$V,1,Partite!$H:$H,Palinsesto!G49)+COUNTIFS(Partite!$V:$V,1,Partite!$J:$J,Palinsesto!G49) -> 10 | Y49: =INDEX(AC$4:AE$4, MATCH(MAX(AC49:AE49), AC49:AE49, 0)) -> 0-2 | Z49: =IFERROR(INT((LARGE(AC49:AE49,1)/SUM(H49:J49))*100),"") -> 84 | AA49: =COUNTIFS(Partite!$W:$W,1,Partite!$H:$H,Palinsesto!G49)+COUNTIFS(Partite!$W:$W,1,Partite!$J:$J,Palinsesto!G49) -> 12 | AC49: =COUNTIFS(Partite!$X:$X,1,Partite!$H:$H,Palinsesto!G49)+COUNTIFS(Partite!$X:$X,1,Partite!$J:$J,Palinsesto!G49) -> 16 | AD49: =COUNTIFS(Partite!$Y:$Y,1,Partite!$H:$H,Palinsesto!G49)+COUNTIFS(Partite!$Y:$Y,1,Partite!$J:$J,Palinsesto!G49) -> 15 | AE49: =COUNTIFS(Partite!$Z:$Z,1,Partite!$H:$H,Palinsesto!G49)+COUNTIFS(Partite!$Z:$Z,1,Partite!$J:$J,Palinsesto!G49) -> 7
B51: =B48+1 -> 16 | C51: =VLOOKUP($B$2+B51,Partite!$A$1:$AE$3000,2,FALSE) -> Danish | D51: =VLOOKUP($B$2+B51,Partite!$A$1:$AE$3000,4,FALSE) -> 1 | E51: =VLOOKUP($B$2+B51,Partite!$A$1:$AE$3000,6,FALSE) -> 46228 | F51: =VLOOKUP($B$2+B51,Partite!$A$1:$AE$3000,7,FALSE) -> 18:00 | G51: =VLOOKUP($B$2+B51,Partite!$A$1:$AE$3000,8,FALSE) -> AGF | H51: =IFERROR(VLOOKUP(G51,Classifica!$C$2:$R$131,3,FALSE),"") -> 0 | I51: =IFERROR(VLOOKUP(G51,Classifica!$C$2:$R$131,4,FALSE),"") -> 0 | J51: =IFERROR(VLOOKUP(G51,Classifica!$C$2:$R$131,5,FALSE),"") -> 0 | K51: =IFERROR(VLOOKUP(G51,Classifica!$C$2:$R$131,6,FALSE),"") -> 0 | L51: =IFERROR(VLOOKUP(G51,Classifica!$C$2:$R$131,7,FALSE),"") -> 0 | M51: =IFERROR(VLOOKUP(G51,Classifica!$C$2:$R$131,8,FALSE),"") -> 0 | N51: =IFERROR(VLOOKUP(G51,Classifica!$C$2:$R$131,9,FALSE),"") -> 0 | O51: =IFERROR(VLOOKUP(G51,Classifica!$C$2:$R$131,16,FALSE),"") -> 7 | P51: =IFERROR(MID(INDEX(Classifica!M:M, MATCH(G51, Classifica!C:C, 0)), 1, 1), "") | Q51: =IFERROR(MID(INDEX(Classifica!M:M, MATCH(G51, Classifica!C:C, 0)), 3, 1), "") | R51: =IFERROR(MID(INDEX(Classifica!M:M, MATCH(G51, Classifica!C:C, 0)), 5, 1), "") | S51: =IFERROR(MID(INDEX(Classifica!M:M, MATCH(G51, Classifica!C:C, 0)), 7, 1), "") | T51: =IFERROR(MID(INDEX(Classifica!M:M, MATCH(G51, Classifica!C:C, 0)), 9, 1), "") | U51: =IFERROR(IF(P51="","",COUNTIF(P51:T51,"W")*20+COUNTIF(P51:T51,"D")*7),"") | V51: =IFERROR(ABS(U51-U52),"") | W51: =COUNTIFS(Partite!$V:$V,1,Partite!$H:$H,Palinsesto!G51)+COUNTIFS(Partite!$V:$V,1,Partite!$J:$J,Palinsesto!G51) -> 0 | X51: =IFERROR(AVERAGE(IFERROR(INT(W51/(SUM(H51:J51))*100),""),IFERROR(INT(W52/(SUM(H52:J52))*100),"")),"") | Y51: =INDEX(AC$4:AE$4, MATCH(MAX(AC51:AE51), AC51:AE51, 0)) -> 0-2 | Z51: =IFERROR(INT((LARGE(AC51:AE51,1)/SUM(H51:J51))*100),"") | AA51: =COUNTIFS(Partite!$W:$W,1,Partite!$H:$H,Palinsesto!G51)+COUNTIFS(Partite!$W:$W,1,Partite!$J:$J,Palinsesto!G51) -> 0 | AB51: =IFERROR(INT(AVERAGE(AA51/(SUM(H51:J51))*100,(AA52/(SUM(H52:J52))*100))),"") | AC51: =COUNTIFS(Partite!$X:$X,1,Partite!$H:$H,Palinsesto!G51)+COUNTIFS(Partite!$X:$X,1,Partite!$J:$J,Palinsesto!G51) -> 0 | AD51: =COUNTIFS(Partite!$Y:$Y,1,Partite!$H:$H,Palinsesto!G51)+COUNTIFS(Partite!$Y:$Y,1,Partite!$J:$J,Palinsesto!G51) -> 0 | AE51: =COUNTIFS(Partite!$Z:$Z,1,Partite!$H:$H,Palinsesto!G51)+COUNTIFS(Partite!$Z:$Z,1,Partite!$J:$J,Palinsesto!G51) -> 0
G52: =VLOOKUP($B$2+B51,Partite!$A$1:$AE$3000,10,FALSE) -> Brøndby | H52: =IFERROR(VLOOKUP(G52,Classifica!$C$2:$R$131,3,FALSE),"") -> 0 | I52: =IFERROR(VLOOKUP(G52,Classifica!$C$2:$R$131,4,FALSE),"") -> 0 | J52: =IFERROR(VLOOKUP(G52,Classifica!$C$2:$R$131,5,FALSE),"") -> 0 | K52: =IFERROR(VLOOKUP(G52,Classifica!$C$2:$R$131,6,FALSE),"") -> 0 | L52: =IFERROR(VLOOKUP(G52,Classifica!$C$2:$R$131,7,FALSE),"") -> 0 | M52: =IFERROR(VLOOKUP(G52,Classifica!$C$2:$R$131,8,FALSE),"") -> 0 | N52: =IFERROR(VLOOKUP(G52,Classifica!$C$2:$R$131,9,FALSE),"") -> 0 | O52: =IFERROR(VLOOKUP(G52,Classifica!$C$2:$R$131,16,FALSE),"") -> 3 | P52: =IFERROR(MID(INDEX(Classifica!M:M, MATCH(G52, Classifica!C:C, 0)), 1, 1), "") | Q52: =IFERROR(MID(INDEX(Classifica!M:M, MATCH(G52, Classifica!C:C, 0)), 3, 1), "") | R52: =IFERROR(MID(INDEX(Classifica!M:M, MATCH(G52, Classifica!C:C, 0)), 5, 1), "") | S52: =IFERROR(MID(INDEX(Classifica!M:M, MATCH(G52, Classifica!C:C, 0)), 7, 1), "") | T52: =IFERROR(MID(INDEX(Classifica!M:M, MATCH(G52, Classifica!C:C, 0)), 9, 1), "") | U52: =IFERROR(IF(P52="","",COUNTIF(P52:T52,"W")*20+COUNTIF(P52:T52,"D")*7),"") | W52: =COUNTIFS(Partite!$V:$V,1,Partite!$H:$H,Palinsesto!G52)+COUNTIFS(Partite!$V:$V,1,Partite!$J:$J,Palinsesto!G52) -> 0 | Y52: =INDEX(AC$4:AE$4, MATCH(MAX(AC52:AE52), AC52:AE52, 0)) -> 0-2 | Z52: =IFERROR(INT((LARGE(AC52:AE52,1)/SUM(H52:J52))*100),"") | AA52: =COUNTIFS(Partite!$W:$W,1,Partite!$H:$H,Palinsesto!G52)+COUNTIFS(Partite!$W:$W,1,Partite!$J:$J,Palinsesto!G52) -> 0 | AC52: =COUNTIFS(Partite!$X:$X,1,Partite!$H:$H,Palinsesto!G52)+COUNTIFS(Partite!$X:$X,1,Partite!$J:$J,Palinsesto!G52) -> 0 | AD52: =COUNTIFS(Partite!$Y:$Y,1,Partite!$H:$H,Palinsesto!G52)+COUNTIFS(Partite!$Y:$Y,1,Partite!$J:$J,Palinsesto!G52) -> 0 | AE52: =COUNTIFS(Partite!$Z:$Z,1,Partite!$H:$H,Palinsesto!G52)+COUNTIFS(Partite!$Z:$Z,1,Partite!$J:$J,Palinsesto!G52) -> 0
B54: =B51+1 -> 17 | C54: =VLOOKUP($B$2+B54,Partite!$A$1:$AE$3000,2,FALSE) -> Eliteserien | D54: =VLOOKUP($B$2+B54,Partite!$A$1:$AE$3000,4,FALSE) -> 15 | E54: =VLOOKUP($B$2+B54,Partite!$A$1:$AE$3000,6,FALSE) -> 46228 | F54: =VLOOKUP($B$2+B54,Partite!$A$1:$AE$3000,7,FALSE) -> 16:00 | G54: =VLOOKUP($B$2+B54,Partite!$A$1:$AE$3000,8,FALSE) -> Kristiansund | H54: =IFERROR(VLOOKUP(G54,Classifica!$C$2:$R$131,3,FALSE),"") -> 3 | I54: =IFERROR(VLOOKUP(G54,Classifica!$C$2:$R$131,4,FALSE),"") -> 3 | J54: =IFERROR(VLOOKUP(G54,Classifica!$C$2:$R$131,5,FALSE),"") -> 7 | K54: =IFERROR(VLOOKUP(G54,Classifica!$C$2:$R$131,6,FALSE),"") -> 11 | L54: =IFERROR(VLOOKUP(G54,Classifica!$C$2:$R$131,7,FALSE),"") -> 21 | M54: =IFERROR(VLOOKUP(G54,Classifica!$C$2:$R$131,8,FALSE),"") -> -10 | N54: =IFERROR(VLOOKUP(G54,Classifica!$C$2:$R$131,9,FALSE),"") -> 12 | O54: =IFERROR(VLOOKUP(G54,Classifica!$C$2:$R$131,16,FALSE),"") -> 15 | P54: =IFERROR(MID(INDEX(Classifica!M:M, MATCH(G54, Classifica!C:C, 0)), 1, 1), "") -> W | Q54: =IFERROR(MID(INDEX(Classifica!M:M, MATCH(G54, Classifica!C:C, 0)), 3, 1), "") -> L | R54: =IFERROR(MID(INDEX(Classifica!M:M, MATCH(G54, Classifica!C:C, 0)), 5, 1), "") -> L | S54: =IFERROR(MID(INDEX(Classifica!M:M, MATCH(G54, Classifica!C:C, 0)), 7, 1), "") -> L | T54: =IFERROR(MID(INDEX(Classifica!M:M, MATCH(G54, Classifica!C:C, 0)), 9, 1), "") -> D | U54: =IFERROR(IF(P54="","",COUNTIF(P54:T54,"W")*20+COUNTIF(P54:T54,"D")*7),"") -> 27 | V54: =IFERROR(ABS(U54-U55),"") -> 7 | W54: =COUNTIFS(Partite!$V:$V,1,Partite!$H:$H,Palinsesto!G54)+COUNTIFS(Partite!$V:$V,1,Partite!$J:$J,Palinsesto!G54) -> 9 | X54: =IFERROR(AVERAGE(IFERROR(INT(W54/(SUM(H54:J54))*100),""),IFERROR(INT(W55/(SUM(H55:J55))*100),"")),"") -> 59.5 | Y54: =INDEX(AC$4:AE$4, MATCH(MAX(AC54:AE54), AC54:AE54, 0)) -> 1-3 | Z54: =IFERROR(INT((LARGE(AC54:AE54,1)/SUM(H54:J54))*100),"") -> 84 | AA54: =COUNTIFS(Partite!$W:$W,1,Partite!$H:$H,Palinsesto!G54)+COUNTIFS(Partite!$W:$W,1,Partite!$J:$J,Palinsesto!G54) -> 11 | AB54: =IFERROR(INT(AVERAGE(AA54/(SUM(H54:J54))*100,(AA55/(SUM(H55:J55))*100))),"") -> 92 | AC54: =COUNTIFS(Partite!$X:$X,1,Partite!$H:$H,Palinsesto!G54)+COUNTIFS(Partite!$X:$X,1,Partite!$J:$J,Palinsesto!G54) -> 10 | AD54: =COUNTIFS(Partite!$Y:$Y,1,Partite!$H:$H,Palinsesto!G54)+COUNTIFS(Partite!$Y:$Y,1,Partite!$J:$J,Palinsesto!G54) -> 11 | AE54: =COUNTIFS(Partite!$Z:$Z,1,Partite!$H:$H,Palinsesto!G54)+COUNTIFS(Partite!$Z:$Z,1,Partite!$J:$J,Palinsesto!G54) -> 6
G55: =VLOOKUP($B$2+B54,Partite!$A$1:$AE$3000,10,FALSE) -> Start | H55: =IFERROR(VLOOKUP(G55,Classifica!$C$2:$R$131,3,FALSE),"") -> 1 | I55: =IFERROR(VLOOKUP(G55,Classifica!$C$2:$R$131,4,FALSE),"") -> 4 | J55: =IFERROR(VLOOKUP(G55,Classifica!$C$2:$R$131,5,FALSE),"") -> 9 | K55: =IFERROR(VLOOKUP(G55,Classifica!$C$2:$R$131,6,FALSE),"") -> 14 | L55: =IFERROR(VLOOKUP(G55,Classifica!$C$2:$R$131,7,FALSE),"") -> 33 | M55: =IFERROR(VLOOKUP(G55,Classifica!$C$2:$R$131,8,FALSE),"") -> -19 | N55: =IFERROR(VLOOKUP(G55,Classifica!$C$2:$R$131,9,FALSE),"") -> 7 | O55: =IFERROR(VLOOKUP(G55,Classifica!$C$2:$R$131,16,FALSE),"") -> 16 | P55: =IFERROR(MID(INDEX(Classifica!M:M, MATCH(G55, Classifica!C:C, 0)), 1, 1), "") -> L | Q55: =IFERROR(MID(INDEX(Classifica!M:M, MATCH(G55, Classifica!C:C, 0)), 3, 1), "") -> W | R55: =IFERROR(MID(INDEX(Classifica!M:M, MATCH(G55, Classifica!C:C, 0)), 5, 1), "") -> L | S55: =IFERROR(MID(INDEX(Classifica!M:M, MATCH(G55, Classifica!C:C, 0)), 7, 1), "") -> L | T55: =IFERROR(MID(INDEX(Classifica!M:M, MATCH(G55, Classifica!C:C, 0)), 9, 1), "") -> L | U55: =IFERROR(IF(P55="","",COUNTIF(P55:T55,"W")*20+COUNTIF(P55:T55,"D")*7),"") -> 20 | W55: =COUNTIFS(Partite!$V:$V,1,Partite!$H:$H,Palinsesto!G55)+COUNTIFS(Partite!$V:$V,1,Partite!$J:$J,Palinsesto!G55) -> 7 | Y55: =INDEX(AC$4:AE$4, MATCH(MAX(AC55:AE55), AC55:AE55, 0)) -> 0-2 | Z55: =IFERROR(INT((LARGE(AC55:AE55,1)/SUM(H55:J55))*100),"") -> 78 | AA55: =COUNTIFS(Partite!$W:$W,1,Partite!$H:$H,Palinsesto!G55)+COUNTIFS(Partite!$W:$W,1,Partite!$J:$J,Palinsesto!G55) -> 14 | AC55: =COUNTIFS(Partite!$X:$X,1,Partite!$H:$H,Palinsesto!G55)+COUNTIFS(Partite!$X:$X,1,Partite!$J:$J,Palinsesto!G55) -> 11 | AD55: =COUNTIFS(Partite!$Y:$Y,1,Partite!$H:$H,Palinsesto!G55)+COUNTIFS(Partite!$Y:$Y,1,Partite!$J:$J,Palinsesto!G55) -> 11 | AE55: =COUNTIFS(Partite!$Z:$Z,1,Partite!$H:$H,Palinsesto!G55)+COUNTIFS(Partite!$Z:$Z,1,Partite!$J:$J,Palinsesto!G55) -> 7
B57: =B54+1 -> 18 | C57: =VLOOKUP($B$2+B57,Partite!$A$1:$AE$3000,2,FALSE) -> Ireland | D57: =VLOOKUP($B$2+B57,Partite!$A$1:$AE$3000,4,FALSE) -> 25 | E57: =VLOOKUP($B$2+B57,Partite!$A$1:$AE$3000,6,FALSE) -> 46228 | F57: =VLOOKUP($B$2+B57,Partite!$A$1:$AE$3000,7,FALSE) -> 17:00 (18:00) | G57: =VLOOKUP($B$2+B57,Partite!$A$1:$AE$3000,8,FALSE) -> Galway United | H57: =IFERROR(VLOOKUP(G57,Classifica!$C$2:$R$131,3,FALSE),"") -> 7 | I57: =IFERROR(VLOOKUP(G57,Classifica!$C$2:$R$131,4,FALSE),"") -> 6 | J57: =IFERROR(VLOOKUP(G57,Classifica!$C$2:$R$131,5,FALSE),"") -> 10 | K57: =IFERROR(VLOOKUP(G57,Classifica!$C$2:$R$131,6,FALSE),"") -> 32 | L57: =IFERROR(VLOOKUP(G57,Classifica!$C$2:$R$131,7,FALSE),"") -> 39 | M57: =IFERROR(VLOOKUP(G57,Classifica!$C$2:$R$131,8,FALSE),"") -> -7 | N57: =IFERROR(VLOOKUP(G57,Classifica!$C$2:$R$131,9,FALSE),"") -> 27 | O57: =IFERROR(VLOOKUP(G57,Classifica!$C$2:$R$131,16,FALSE),"") -> 7 | P57: =IFERROR(MID(INDEX(Classifica!M:M, MATCH(G57, Classifica!C:C, 0)), 1, 1), "") -> L | Q57: =IFERROR(MID(INDEX(Classifica!M:M, MATCH(G57, Classifica!C:C, 0)), 3, 1), "") -> W | R57: =IFERROR(MID(INDEX(Classifica!M:M, MATCH(G57, Classifica!C:C, 0)), 5, 1), "") -> L | S57: =IFERROR(MID(INDEX(Classifica!M:M, MATCH(G57, Classifica!C:C, 0)), 7, 1), "") -> L | T57: =IFERROR(MID(INDEX(Classifica!M:M, MATCH(G57, Classifica!C:C, 0)), 9, 1), "") -> W | U57: =IFERROR(IF(P57="","",COUNTIF(P57:T57,"W")*20+COUNTIF(P57:T57,"D")*7),"") -> 40 | V57: =IFERROR(ABS(U57-U58),"") -> 27 | W57: =COUNTIFS(Partite!$V:$V,1,Partite!$H:$H,Palinsesto!G57)+COUNTIFS(Partite!$V:$V,1,Partite!$J:$J,Palinsesto!G57) -> 12 | X57: =IFERROR(AVERAGE(IFERROR(INT(W57/(SUM(H57:J57))*100),""),IFERROR(INT(W58/(SUM(H58:J58))*100),"")),"") -> 44.5 | Y57: =INDEX(AC$4:AE$4, MATCH(MAX(AC57:AE57), AC57:AE57, 0)) -> 1-3 | Z57: =IFERROR(INT((LARGE(AC57:AE57,1)/SUM(H57:J57))*100),"") -> 86 | AA57: =COUNTIFS(Partite!$W:$W,1,Partite!$H:$H,Palinsesto!G57)+COUNTIFS(Partite!$W:$W,1,Partite!$J:$J,Palinsesto!G57) -> 18 | AB57: =IFERROR(INT(AVERAGE(AA57/(SUM(H57:J57))*100,(AA58/(SUM(H58:J58))*100))),"") -> 82 | AC57: =COUNTIFS(Partite!$X:$X,1,Partite!$H:$H,Palinsesto!G57)+COUNTIFS(Partite!$X:$X,1,Partite!$J:$J,Palinsesto!G57) -> 19 | AD57: =COUNTIFS(Partite!$Y:$Y,1,Partite!$H:$H,Palinsesto!G57)+COUNTIFS(Partite!$Y:$Y,1,Partite!$J:$J,Palinsesto!G57) -> 20 | AE57: =COUNTIFS(Partite!$Z:$Z,1,Partite!$H:$H,Palinsesto!G57)+COUNTIFS(Partite!$Z:$Z,1,Partite!$J:$J,Palinsesto!G57) -> 12
G58: =VLOOKUP($B$2+B57,Partite!$A$1:$AE$3000,10,FALSE) -> Waterford United | H58: =IFERROR(VLOOKUP(G58,Classifica!$C$2:$R$131,3,FALSE),"") -> 4 | I58: =IFERROR(VLOOKUP(G58,Classifica!$C$2:$R$131,4,FALSE),"") -> 9 | J58: =IFERROR(VLOOKUP(G58,Classifica!$C$2:$R$131,5,FALSE),"") -> 11 | K58: =IFERROR(VLOOKUP(G58,Classifica!$C$2:$R$131,6,FALSE),"") -> 33 | L58: =IFERROR(VLOOKUP(G58,Classifica!$C$2:$R$131,7,FALSE),"") -> 47 | M58: =IFERROR(VLOOKUP(G58,Classifica!$C$2:$R$131,8,FALSE),"") -> -14 | N58: =IFERROR(VLOOKUP(G58,Classifica!$C$2:$R$131,9,FALSE),"") -> 21 | O58: =IFERROR(VLOOKUP(G58,Classifica!$C$2:$R$131,16,FALSE),"") -> 9 | P58: =IFERROR(MID(INDEX(Classifica!M:M, MATCH(G58, Classifica!C:C, 0)), 1, 1), "") -> W | Q58: =IFERROR(MID(INDEX(Classifica!M:M, MATCH(G58, Classifica!C:C, 0)), 3, 1), "") -> L | R58: =IFERROR(MID(INDEX(Classifica!M:M, MATCH(G58, Classifica!C:C, 0)), 5, 1), "") -> W | S58: =IFERROR(MID(INDEX(Classifica!M:M, MATCH(G58, Classifica!C:C, 0)), 7, 1), "") -> W | T58: =IFERROR(MID(INDEX(Classifica!M:M, MATCH(G58, Classifica!C:C, 0)), 9, 1), "") -> D | U58: =IFERROR(IF(P58="","",COUNTIF(P58:T58,"W")*20+COUNTIF(P58:T58,"D")*7),"") -> 67 | W58: =COUNTIFS(Partite!$V:$V,1,Partite!$H:$H,Palinsesto!G58)+COUNTIFS(Partite!$V:$V,1,Partite!$J:$J,Palinsesto!G58) -> 9 | Y58: =INDEX(AC$4:AE$4, MATCH(MAX(AC58:AE58), AC58:AE58, 0)) -> 0-2 | Z58: =IFERROR(INT((LARGE(AC58:AE58,1)/SUM(H58:J58))*100),"") -> 70 | AA58: =COUNTIFS(Partite!$W:$W,1,Partite!$H:$H,Palinsesto!G58)+COUNTIFS(Partite!$W:$W,1,Partite!$J:$J,Palinsesto!G58) -> 21 | AC58: =COUNTIFS(Partite!$X:$X,1,Partite!$H:$H,Palinsesto!G58)+COUNTIFS(Partite!$X:$X,1,Partite!$J:$J,Palinsesto!G58) -> 17 | AD58: =COUNTIFS(Partite!$Y:$Y,1,Partite!$H:$H,Palinsesto!G58)+COUNTIFS(Partite!$Y:$Y,1,Partite!$J:$J,Palinsesto!G58) -> 15 | AE58: =COUNTIFS(Partite!$Z:$Z,1,Partite!$H:$H,Palinsesto!G58)+COUNTIFS(Partite!$Z:$Z,1,Partite!$J:$J,Palinsesto!G58) -> 14
B60: =B57+1 -> 19 | C60: =VLOOKUP($B$2+B60,Partite!$A$1:$AE$3000,2,FALSE) -> Ireland | D60: =VLOOKUP($B$2+B60,Partite!$A$1:$AE$3000,4,FALSE) -> 25 | E60: =VLOOKUP($B$2+B60,Partite!$A$1:$AE$3000,6,FALSE) -> 46228 | F60: =VLOOKUP($B$2+B60,Partite!$A$1:$AE$3000,7,FALSE) -> 19:45 (20:45) | G60: =VLOOKUP($B$2+B60,Partite!$A$1:$AE$3000,8,FALSE) -> Sligo Rovers | H60: =IFERROR(VLOOKUP(G60,Classifica!$C$2:$R$131,3,FALSE),"") -> 5 | I60: =IFERROR(VLOOKUP(G60,Classifica!$C$2:$R$131,4,FALSE),"") -> 5 | J60: =IFERROR(VLOOKUP(G60,Classifica!$C$2:$R$131,5,FALSE),"") -> 14 | K60: =IFERROR(VLOOKUP(G60,Classifica!$C$2:$R$131,6,FALSE),"") -> 20 | L60: =IFERROR(VLOOKUP(G60,Classifica!$C$2:$R$131,7,FALSE),"") -> 40 | M60: =IFERROR(VLOOKUP(G60,Classifica!$C$2:$R$131,8,FALSE),"") -> -20 | N60: =IFERROR(VLOOKUP(G60,Classifica!$C$2:$R$131,9,FALSE),"") -> 20 | O60: =IFERROR(VLOOKUP(G60,Classifica!$C$2:$R$131,16,FALSE),"") -> 10 | P60: =IFERROR(MID(INDEX(Classifica!M:M, MATCH(G60, Classifica!C:C, 0)), 1, 1), "") -> L | Q60: =IFERROR(MID(INDEX(Classifica!M:M, MATCH(G60, Classifica!C:C, 0)), 3, 1), "") -> L | R60: =IFERROR(MID(INDEX(Classifica!M:M, MATCH(G60, Classifica!C:C, 0)), 5, 1), "") -> D | S60: =IFERROR(MID(INDEX(Classifica!M:M, MATCH(G60, Classifica!C:C, 0)), 7, 1), "") -> L | T60: =IFERROR(MID(INDEX(Classifica!M:M, MATCH(G60, Classifica!C:C, 0)), 9, 1), "") -> L | U60: =IFERROR(IF(P60="","",COUNTIF(P60:T60,"W")*20+COUNTIF(P60:T60,"D")*7),"") -> 7 | V60: =IFERROR(ABS(U60-U61),"") -> 20 | W60: =COUNTIFS(Partite!$V:$V,1,Partite!$H:$H,Palinsesto!G60)+COUNTIFS(Partite!$V:$V,1,Partite!$J:$J,Palinsesto!G60) -> 16 | X60: =IFERROR(AVERAGE(IFERROR(INT(W60/(SUM(H60:J60))*100),""),IFERROR(INT(W61/(SUM(H61:J61))*100),"")),"") -> 60 | Y60: =INDEX(AC$4:AE$4, MATCH(MAX(AC60:AE60), AC60:AE60, 0)) -> 0-2 | Z60: =IFERROR(INT((LARGE(AC60:AE60,1)/SUM(H60:J60))*100),"") -> 87 | AA60: =COUNTIFS(Partite!$W:$W,1,Partite!$H:$H,Palinsesto!G60)+COUNTIFS(Partite!$W:$W,1,Partite!$J:$J,Palinsesto!G60) -> 17 | AB60: =IFERROR(INT(AVERAGE(AA60/(SUM(H60:J60))*100,(AA61/(SUM(H61:J61))*100))),"") -> 75 | AC60: =COUNTIFS(Partite!$X:$X,1,Partite!$H:$H,Palinsesto!G60)+COUNTIFS(Partite!$X:$X,1,Partite!$J:$J,Palinsesto!G60) -> 21 | AD60: =COUNTIFS(Partite!$Y:$Y,1,Partite!$H:$H,Palinsesto!G60)+COUNTIFS(Partite!$Y:$Y,1,Partite!$J:$J,Palinsesto!G60) -> 16 | AE60: =COUNTIFS(Partite!$Z:$Z,1,Partite!$H:$H,Palinsesto!G60)+COUNTIFS(Partite!$Z:$Z,1,Partite!$J:$J,Palinsesto!G60) -> 9
G61: =VLOOKUP($B$2+B60,Partite!$A$1:$AE$3000,10,FALSE) -> Drogheda United | H61: =IFERROR(VLOOKUP(G61,Classifica!$C$2:$R$131,3,FALSE),"") -> 6 | I61: =IFERROR(VLOOKUP(G61,Classifica!$C$2:$R$131,4,FALSE),"") -> 7 | J61: =IFERROR(VLOOKUP(G61,Classifica!$C$2:$R$131,5,FALSE),"") -> 11 | K61: =IFERROR(VLOOKUP(G61,Classifica!$C$2:$R$131,6,FALSE),"") -> 29 | L61: =IFERROR(VLOOKUP(G61,Classifica!$C$2:$R$131,7,FALSE),"") -> 41 | M61: =IFERROR(VLOOKUP(G61,Classifica!$C$2:$R$131,8,FALSE),"") -> -12 | N61: =IFERROR(VLOOKUP(G61,Classifica!$C$2:$R$131,9,FALSE),"") -> 25 | O61: =IFERROR(VLOOKUP(G61,Classifica!$C$2:$R$131,16,FALSE),"") -> 8 | P61: =IFERROR(MID(INDEX(Classifica!M:M, MATCH(G61, Classifica!C:C, 0)), 1, 1), "") -> L | Q61: =IFERROR(MID(INDEX(Classifica!M:M, MATCH(G61, Classifica!C:C, 0)), 3, 1), "") -> D | R61: =IFERROR(MID(INDEX(Classifica!M:M, MATCH(G61, Classifica!C:C, 0)), 5, 1), "") -> L | S61: =IFERROR(MID(INDEX(Classifica!M:M, MATCH(G61, Classifica!C:C, 0)), 7, 1), "") -> L | T61: =IFERROR(MID(INDEX(Classifica!M:M, MATCH(G61, Classifica!C:C, 0)), 9, 1), "") -> W | U61: =IFERROR(IF(P61="","",COUNTIF(P61:T61,"W")*20+COUNTIF(P61:T61,"D")*7),"") -> 27 | W61: =COUNTIFS(Partite!$V:$V,1,Partite!$H:$H,Palinsesto!G61)+COUNTIFS(Partite!$V:$V,1,Partite!$J:$J,Palinsesto!G61) -> 13 | Y61: =INDEX(AC$4:AE$4, MATCH(MAX(AC61:AE61), AC61:AE61, 0)) -> 0-2 | Z61: =IFERROR(INT((LARGE(AC61:AE61,1)/SUM(H61:J61))*100),"") -> 83 | AA61: =COUNTIFS(Partite!$W:$W,1,Partite!$H:$H,Palinsesto!G61)+COUNTIFS(Partite!$W:$W,1,Partite!$J:$J,Palinsesto!G61) -> 19 | AC61: =COUNTIFS(Partite!$X:$X,1,Partite!$H:$H,Palinsesto!G61)+COUNTIFS(Partite!$X:$X,1,Partite!$J:$J,Palinsesto!G61) -> 20 | AD61: =COUNTIFS(Partite!$Y:$Y,1,Partite!$H:$H,Palinsesto!G61)+COUNTIFS(Partite!$Y:$Y,1,Partite!$J:$J,Palinsesto!G61) -> 18 | AE61: =COUNTIFS(Partite!$Z:$Z,1,Partite!$H:$H,Palinsesto!G61)+COUNTIFS(Partite!$Z:$Z,1,Partite!$J:$J,Palinsesto!G61) -> 13
B63: =B60+1 -> 20 | C63: =VLOOKUP($B$2+B63,Partite!$A$1:$AE$3000,2,FALSE) -> K1 | D63: =VLOOKUP($B$2+B63,Partite!$A$1:$AE$3000,4,FALSE) -> 20 | E63: =VLOOKUP($B$2+B63,Partite!$A$1:$AE$3000,6,FALSE) -> 46228 | F63: =VLOOKUP($B$2+B63,Partite!$A$1:$AE$3000,7,FALSE) -> 19:30 (12:30) | G63: =VLOOKUP($B$2+B63,Partite!$A$1:$AE$3000,8,FALSE) -> Sangmu | H63: =IFERROR(VLOOKUP(G63,Classifica!$C$2:$R$131,3,FALSE),"") -> 2 | I63: =IFERROR(VLOOKUP(G63,Classifica!$C$2:$R$131,4,FALSE),"") -> 10 | J63: =IFERROR(VLOOKUP(G63,Classifica!$C$2:$R$131,5,FALSE),"") -> 6 | K63: =IFERROR(VLOOKUP(G63,Classifica!$C$2:$R$131,6,FALSE),"") -> 17 | L63: =IFERROR(VLOOKUP(G63,Classifica!$C$2:$R$131,7,FALSE),"") -> 25 | M63: =IFERROR(VLOOKUP(G63,Classifica!$C$2:$R$131,8,FALSE),"") -> -8 | N63: =IFERROR(VLOOKUP(G63,Classifica!$C$2:$R$131,9,FALSE),"") -> 16 | O63: =IFERROR(VLOOKUP(G63,Classifica!$C$2:$R$131,16,FALSE),"") -> 11 | P63: =IFERROR(MID(INDEX(Classifica!M:M, MATCH(G63, Classifica!C:C, 0)), 1, 1), "") -> D | Q63: =IFERROR(MID(INDEX(Classifica!M:M, MATCH(G63, Classifica!C:C, 0)), 3, 1), "") -> L | R63: =IFERROR(MID(INDEX(Classifica!M:M, MATCH(G63, Classifica!C:C, 0)), 5, 1), "") -> D | S63: =IFERROR(MID(INDEX(Classifica!M:M, MATCH(G63, Classifica!C:C, 0)), 7, 1), "") -> D | T63: =IFERROR(MID(INDEX(Classifica!M:M, MATCH(G63, Classifica!C:C, 0)), 9, 1), "") -> L | U63: =IFERROR(IF(P63="","",COUNTIF(P63:T63,"W")*20+COUNTIF(P63:T63,"D")*7),"") -> 21 | V63: =IFERROR(ABS(U63-U64),"") -> 0 | W63: =COUNTIFS(Partite!$V:$V,1,Partite!$H:$H,Palinsesto!G63)+COUNTIFS(Partite!$V:$V,1,Partite!$J:$J,Palinsesto!G63) -> 7 | X63: =IFERROR(AVERAGE(IFERROR(INT(W63/(SUM(H63:J63))*100),""),IFERROR(INT(W64/(SUM(H64:J64))*100),"")),"") -> 44 | Y63: =INDEX(AC$4:AE$4, MATCH(MAX(AC63:AE63), AC63:AE63, 0)) -> 0-2 | Z63: =IFERROR(INT((LARGE(AC63:AE63,1)/SUM(H63:J63))*100),"") -> 105 | AA63: =COUNTIFS(Partite!$W:$W,1,Partite!$H:$H,Palinsesto!G63)+COUNTIFS(Partite!$W:$W,1,Partite!$J:$J,Palinsesto!G63) -> 17 | AB63: =IFERROR(INT(AVERAGE(AA63/(SUM(H63:J63))*100,(AA64/(SUM(H64:J64))*100))),"") -> 80 | AC63: =COUNTIFS(Partite!$X:$X,1,Partite!$H:$H,Palinsesto!G63)+COUNTIFS(Partite!$X:$X,1,Partite!$J:$J,Palinsesto!G63) -> 19 | AD63: =COUNTIFS(Partite!$Y:$Y,1,Partite!$H:$H,Palinsesto!G63)+COUNTIFS(Partite!$Y:$Y,1,Partite!$J:$J,Palinsesto!G63) -> 15 | AE63: =COUNTIFS(Partite!$Z:$Z,1,Partite!$H:$H,Palinsesto!G63)+COUNTIFS(Partite!$Z:$Z,1,Partite!$J:$J,Palinsesto!G63) -> 4
G64: =VLOOKUP($B$2+B63,Partite!$A$1:$AE$3000,10,FALSE) -> Daejeon Hana | H64: =IFERROR(VLOOKUP(G64,Classifica!$C$2:$R$131,3,FALSE),"") -> 4 | I64: =IFERROR(VLOOKUP(G64,Classifica!$C$2:$R$131,4,FALSE),"") -> 7 | J64: =IFERROR(VLOOKUP(G64,Classifica!$C$2:$R$131,5,FALSE),"") -> 7 | K64: =IFERROR(VLOOKUP(G64,Classifica!$C$2:$R$131,6,FALSE),"") -> 21 | L64: =IFERROR(VLOOKUP(G64,Classifica!$C$2:$R$131,7,FALSE),"") -> 20 | M64: =IFERROR(VLOOKUP(G64,Classifica!$C$2:$R$131,8,FALSE),"") -> 1 | N64: =IFERROR(VLOOKUP(G64,Classifica!$C$2:$R$131,9,FALSE),"") -> 19 | O64: =IFERROR(VLOOKUP(G64,Classifica!$C$2:$R$131,16,FALSE),"") -> 9 | P64: =IFERROR(MID(INDEX(Classifica!M:M, MATCH(G64, Classifica!C:C, 0)), 1, 1), "") -> L | Q64: =IFERROR(MID(INDEX(Classifica!M:M, MATCH(G64, Classifica!C:C, 0)), 3, 1), "") -> L | R64: =IFERROR(MID(INDEX(Classifica!M:M, MATCH(G64, Classifica!C:C, 0)), 5, 1), "") -> D | S64: =IFERROR(MID(INDEX(Classifica!M:M, MATCH(G64, Classifica!C:C, 0)), 7, 1), "") -> D | T64: =IFERROR(MID(INDEX(Classifica!M:M, MATCH(G64, Classifica!C:C, 0)), 9, 1), "") -> D | U64: =IFERROR(IF(P64="","",COUNTIF(P64:T64,"W")*20+COUNTIF(P64:T64,"D")*7),"") -> 21 | W64: =COUNTIFS(Partite!$V:$V,1,Partite!$H:$H,Palinsesto!G64)+COUNTIFS(Partite!$V:$V,1,Partite!$J:$J,Palinsesto!G64) -> 9 | Y64: =INDEX(AC$4:AE$4, MATCH(MAX(AC64:AE64), AC64:AE64, 0)) -> 0-2 | Z64: =IFERROR(INT((LARGE(AC64:AE64,1)/SUM(H64:J64))*100),"") -> 105 | AA64: =COUNTIFS(Partite!$W:$W,1,Partite!$H:$H,Palinsesto!G64)+COUNTIFS(Partite!$W:$W,1,Partite!$J:$J,Palinsesto!G64) -> 12 | AC64: =COUNTIFS(Partite!$X:$X,1,Partite!$H:$H,Palinsesto!G64)+COUNTIFS(Partite!$X:$X,1,Partite!$J:$J,Palinsesto!G64) -> 19 | AD64: =COUNTIFS(Partite!$Y:$Y,1,Partite!$H:$H,Palinsesto!G64)+COUNTIFS(Partite!$Y:$Y,1,Partite!$J:$J,Palinsesto!G64) -> 10 | AE64: =COUNTIFS(Partite!$Z:$Z,1,Partite!$H:$H,Palinsesto!G64)+COUNTIFS(Partite!$Z:$Z,1,Partite!$J:$J,Palinsesto!G64) -> 3

Sheet Partite
A1: 1 | B1: Campionato | C1: Data e ora | D1: Giornata | E1: Column4 | F1: Data | G1: Ora | H1: Squadar Casa | I1: Risultato | J1: Sqadra Ospite | K1: Column10 | L1: Stadio | M1: Column12 | N1: Column13 | O1: Column14 | P1: Stato | Q1: Gol Casa | R1: Gol Ospite | S1: Totale Gol | T1: 12 | U1: Under 4,5 | V1: 12+Under 4,5 | W1: Over 1,5 | X1: 0-2 Casa | Y1: 1-3 Casa | Z1: 2-5 Casa | AA1: 0-2 Ospiti | AB1: 1-3 Ospiti | AC1: 2-5 Ospiti | AD1: Multigol 1-4 | AE1: Multigol 2-5
A2: =A1+1 -> 2 | B2: J1 | C2: 46226.661 | D2: 1 | E2: Fri | F2: 45702 | G2: 19:00 (11:00) | H2: Gamba Osaka | I2: 2–5 | J2: Cerezo Osaka | K2: 34860 | L2: Panasonic Stadium Suita | M2: Hiroyuki Kimura | N2: Match Report | P2: =IF(I2<>"","Giocata","Futura") -> Giocata | Q2: =VALUE(LEFT(I2,1)) -> 2 | R2: =VALUE(RIGHT(I2,1)) -> 5 | S2: =SUM(Q2:R2) -> 7 | T2: =IF(Q2<>R2,1,0) -> 1 | U2: =IF(S2<=4,1,0) -> 0 | V2: =IF(AND(T2=1,U2=1),1,0) -> 0 | W2: =IF(S2>=2,1,0) -> 1 | X2: =IF(Q2<=2,1,0) -> 1 | Y2: =IF(AND(Q2>=1,Q2<=3),1,0) -> 1 | Z2: =IF(AND(Q2>=2,Q2<=5),1,0) -> 1 | AA2: =IF(S2<=2,1,0) -> 0 | AB2: =IF(AND(S2>=1,S2<=3),1,0) -> 0 | AC2: =IF(AND(S2>=2,S2<=5),1,0) -> 0 | AD2: =IF(AND(S2>=1,S2<=4),1,0) -> 0 | AE2: =IF(AND(S2>=2,S2<=5),1,0) -> 0
A3: =A2+1 -> 3 | B3: J1 | C3: 46226.661 | D3: 1 | E3: Sat | F3: 45703 | G3: 14:00 (06:00) | H3: Vissel Kobe | I3: 0–0 | J3: Urawa Reds | K3: 22266 | L3: NOEVIR Stadium Kobe | M3: Yūsuke Araki | N3: Match Report | P3: =IF(I3<>"","Giocata","Futura") -> Giocata | Q3: =VALUE(LEFT(I3,1)) -> 0 | R3: =VALUE(RIGHT(I3,1)) -> 0 | S3: =SUM(Q3:R3) -> 0 | T3: =IF(Q3<>R3,1,0) -> 0 | U3: =IF(S3<=4,1,0) -> 1 | V3: =IF(AND(T3=1,U3=1),1,0) -> 0 | W3: =IF(S3>=2,1,0) -> 0 | X3: =IF(Q3<=2,1,0) -> 1 | Y3: =IF(AND(Q3>=1,Q3<=3),1,0) -> 0 | Z3: =IF(AND(Q3>=2,Q3<=5),1,0) -> 0 | AA3: =IF(S3<=2,1,0) -> 1 | AB3: =IF(AND(S3>=1,S3<=3),1,0) -> 0 | AC3: =IF(AND(S3>=2,S3<=5),1,0) -> 0 | AD3: =IF(AND(S3>=1,S3<=4),1,0) -> 0 | AE3: =IF(AND(S3>=2,S3<=5),1,0) -> 0
A4: =A3+1 -> 4 | B4: J1 | C4: 46226.661 | D4: 1 | E4: Sat | F4: 45703 | G4: 15:00 (07:00) | H4: Kawasaki F. | I4: 4–0 | J4: Grampus | K4: 23005 | L4: Kawasaki Todoroki Stadium | M4: Koji Takasaki | N4: Match Report | P4: =IF(I4<>"","Giocata","Futura") -> Giocata | Q4: =VALUE(LEFT(I4,1)) -> 4 | R4: =VALUE(RIGHT(I4,1)) -> 0 | S4: =SUM(Q4:R4) -> 4 | T4: =IF(Q4<>R4,1,0) -> 1 | U4: =IF(S4<=4,1,0) -> 1 | V4: =IF(AND(T4=1,U4=1),1,0) -> 1 | W4: =IF(S4>=2,1,0) -> 1 | X4: =IF(Q4<=2,1,0) -> 0 | Y4: =IF(AND(Q4>=1,Q4<=3),1,0) -> 0 | Z4: =IF(AND(Q4>=2,Q4<=5),1,0) -> 1 | AA4: =IF(S4<=2,1,0) -> 0 | AB4: =IF(AND(S4>=1,S4<=3),1,0) -> 0 | AC4: =IF(AND(S4>=2,S4<=5),1,0) -> 1 | AD4: =IF(AND(S4>=1,S4<=4),1,0) -> 1 | AE4: =IF(AND(S4>=2,S4<=5),1,0) -> 1
A5: =A4+1 -> 5 | B5: J1 | C5: 46226.661 | D5: 1 | E5: Sat | F5: 45703 | G5: 14:00 (06:00) | H5: Yokohama FC | I5: 0–1 | J5: FC Tokyo | K5: 12195 | L5: NHK Spring Mitsuzawa Football Stadium | M5: Atsushi Kamimura | N5: Match Report | P5: =IF(I5<>"","Giocata","Futura") -> Giocata | Q5: =VALUE(LEFT(I5,1)) -> 0 | R5: =VALUE(RIGHT(I5,1)) -> 1 | S5: =SUM(Q5:R5) -> 1 | T5: =IF(Q5<>R5,1,0) -> 1 | U5: =IF(S5<=4,1,0) -> 1 | V5: =IF(AND(T5=1,U5=1),1,0) -> 1 | W5: =IF(S5>=2,1,0) -> 0 | X5: =IF(Q5<=2,1,0) -> 1 | Y5: =IF(AND(Q5>=1,Q5<=3),1,0) -> 0 | Z5: =IF(AND(Q5>=2,Q5<=5),1,0) -> 0 | AA5: =IF(S5<=2,1,0) -> 1 | AB5: =IF(AND(S5>=1,S5<=3),1,0) -> 1 | AC5: =IF(AND(S5>=2,S5<=5),1,0) -> 0 | AD5: =IF(AND(S5>=1,S5<=4),1,0) -> 1 | AE5: =IF(AND(S5>=2,S5<=5),1,0) -> 0
A6: =A5+1 -> 6 | B6: J1 | C6: 46226.661 | D6: 1 | E6: Sat | F6: 45703 | G6: 14:00 (06:00) | H6: Avispa Fukuoka | I6: 0–1 | J6: Kashiwa Reysol | K6: 9923 | L6: Best Denki Stadium | M6: Kōei Koya | N6: Match Report | P6: =IF(I6<>"","Giocata","Futura") -> Giocata | Q6: =VALUE(LEFT(I6,1)) -> 0 | R6: =VALUE(RIGHT(I6,1)) -> 1 | S6: =SUM(Q6:R6) -> 1 | T6: =IF(Q6<>R6,1,0) -> 1 | U6: =IF(S6<=4,1,0) -> 1 | V6: =IF(AND(T6=1,U6=1),1,0) -> 1 | W6: =IF(S6>=2,1,0) -> 0 | X6: =IF(Q6<=2,1,0) -> 1 | Y6: =IF(AND(Q6>=1,Q6<=3),1,0) -> 0 | Z6: =IF(AND(Q6>=2,Q6<=5),1,0) -> 0 | AA6: =IF(S6<=2,1,0) -> 1 | AB6: =IF(AND(S6>=1,S6<=3),1,0) -> 1 | AC6: =IF(AND(S6>=2,S6<=5),1,0) -> 0 | AD6: =IF(AND(S6>=1,S6<=4),1,0) -> 1 | AE6: =IF(AND(S6>=2,S6<=5),1,0) -> 0
A7: =A6+1 -> 7 | B7: J1 | C7: 46226.661 | D7: 1 | E7: Sat | F7: 45703 | G7: 14:00 (06:00) | H7: F. Okayama | I7: 2–0 | J7: Kyoto Sanga | K7: 14575 | L7: JFE Sunny Country Stadium | M7: Takafumi Mikuriya | N7: Match Report | P7: =IF(I7<>"","Giocata","Futura") -> Giocata | Q7: =VALUE(LEFT(I7,1)) -> 2 | R7: =VALUE(RIGHT(I7,1)) -> 0 | S7: =SUM(Q7:R7) -> 2 | T7: =IF(Q7<>R7,1,0) -> 1 | U7: =IF(S7<=4,1,0) -> 1 | V7: =IF(AND(T7=1,U7=1),1,0) -> 1 | W7: =IF(S7>=2,1,0) -> 1 | X7: =IF(Q7<=2,1,0) -> 1 | Y7: =IF(AND(Q7>=1,Q7<=3),1,0) -> 1 | Z7: =IF(AND(Q7>=2,Q7<=5),1,0) -> 1 | AA7: =IF(S7<=2,1,0) -> 1 | AB7: =IF(AND(S7>=1,S7<=3),1,0) -> 1 | AC7: =IF(AND(S7>=2,S7<=5),1,0) -> 1 | AD7: =IF(AND(S7>=1,S7<=4),1,0) -> 1 | AE7: =IF(AND(S7>=2,S7<=5),1,0) -> 1
A8: =A7+1 -> 8 | B8: J1 | C8: 46226.661 | D8: 1 | E8: Sat | F8: 45703 | G8: 15:00 (07:00) | H8: Shonan Bellmare | I8: 1–0 | J8: Kashima Antlers | K8: 13025 | L8: Lemon Gas Stadium Hiratsuka | M8: Masuya Ueda | N8: Match Report | P8: =IF(I8<>"","Giocata","Futura") -> Giocata | Q8: =VALUE(LEFT(I8,1)) -> 1 | R8: =VALUE(RIGHT(I8,1)) -> 0 | S8: =SUM(Q8:R8) -> 1 | T8: =IF(Q8<>R8,1,0) -> 1 | U8: =IF(S8<=4,1,0) -> 1 | V8: =IF(AND(T8=1,U8=1),1,0) -> 1 | W8: =IF(S8>=2,1,0) -> 0 | X8: =IF(Q8<=2,1,0) -> 1 | Y8: =IF(AND(Q8>=1,Q8<=3),1,0) -> 1 | Z8: =IF(AND(Q8>=2,Q8<=5),1,0) -> 0 | AA8: =IF(S8<=2,1,0) -> 1 | AB8: =IF(AND(S8>=1,S8<=3),1,0) -> 1 | AC8: =IF(AND(S8>=2,S8<=5),1,0) -> 0 | AD8: =IF(AND(S8>=1,S8<=4),1,0) -> 1 | AE8: =IF(AND(S8>=2,S8<=5),1,0) -> 0
A9: =A8+1 -> 9 | B9: J1 | C9: 46226.661 | D9: 1 | E9: Sat | F9: 45703 | G9: 14:00 (06:00) | H9: Yokohama F.M. | I9: 1–1 | J9: Albirex Niigata | K9: 32713 | L9: Nissan Stadium | M9: Koichiro Fukushima | N9: Match Report | P9: =IF(I9<>"","Giocata","Futura") -> Giocata | Q9: =VALUE(LEFT(I9,1)) -> 1 | R9: =VALUE(RIGHT(I9,1)) -> 1 | S9: =SUM(Q9:R9) -> 2 | T9: =IF(Q9<>R9,1,0) -> 0 | U9: =IF(S9<=4,1,0) -> 1 | V9: =IF(AND(T9=1,U9=1),1,0) -> 0 | W9: =IF(S9>=2,1,0) -> 1 | X9: =IF(Q9<=2,1,0) -> 1 | Y9: =IF(AND(Q9>=1,Q9<=3),1,0) -> 1 | Z9: =IF(AND(Q9>=2,Q9<=5),1,0) -> 0 | AA9: =IF(S9<=2,1,0) -> 1 | AB9: =IF(AND(S9>=1,S9<=3),1,0) -> 1 | AC9: =IF(AND(S9>=2,S9<=5),1,0) -> 1 | AD9: =IF(AND(S9>=1,S9<=4),1,0) -> 1 | AE9: =IF(AND(S9>=2,S9<=5),1,0) -> 1
A10: =A9+1 -> 10 | B10: J1 | C10: 46226.661 | D10: 1 | E10: Sun | F10: 45704 | G10: 14:00 (06:00) | H10: Tokyo Verdy | I10: 0–1 | J10: Shimizu S-Pulse | K10: 52541 | L10: Japan National Stadium | M10: Futoshi Nakamura | N10: Match Report | P10: =IF(I10<>"","Giocata","Futura") -> Giocata | Q10: =VALUE(LEFT(I10,1)) -> 0 | R10: =VALUE(RIGHT(I10,1)) -> 1 | S10: =SUM(Q10:R10) -> 1 | T10: =IF(Q10<>R10,1,0) -> 1 | U10: =IF(S10<=4,1,0) -> 1 | V10: =IF(AND(T10=1,U10=1),1,0) -> 1 | W10: =IF(S10>=2,1,0) -> 0 | X10: =IF(Q10<=2,1,0) -> 1 | Y10: =IF(AND(Q10>=1,Q10<=3),1,0) -> 0 | Z10: =IF(AND(Q10>=2,Q10<=5),1,0) -> 0 | AA10: =IF(S10<=2,1,0) -> 1 | AB10: =IF(AND(S10>=1,S10<=3),1,0) -> 1 | AC10: =IF(AND(S10>=2,S10<=5),1,0) -> 0 | AD10: =IF(AND(S10>=1,S10<=4),1,0) -> 1 | AE10: =IF(AND(S10>=2,S10<=5),1,0) -> 0
A11: =A10+1 -> 11 | B11: J1 | C11: 46226.661 | D11: 1 | E11: Sun | F11: 45704 | G11: 14:00 (06:00) | H11: Machida Zelvia | I11: 1–2 | J11: Sanf. Hiroshima | K11: 12773 | L11: Machida GION Stadium | M11: Yudai Yamamoto | N11: Match Report | P11: =IF(I11<>"","Giocata","Futura") -> Giocata | Q11: =VALUE(LEFT(I11,1)) -> 1 | R11: =VALUE(RIGHT(I11,1)) -> 2 | S11: =SUM(Q11:R11) -> 3 | T11: =IF(Q11<>R11,1,0) -> 1 | U11: =IF(S11<=4,1,0) -> 1 | V11: =IF(AND(T11=1,U11=1),1,0) -> 1 | W11: =IF(S11>=2,1,0) -> 1 | X11: =IF(Q11<=2,1,0) -> 1 | Y11: =IF(AND(Q11>=1,Q11<=3),1,0) -> 1 | Z11: =IF(AND(Q11>=2,Q11<=5),1,0) -> 0 | AA11: =IF(S11<=2,1,0) -> 0 | AB11: =IF(AND(S11>=1,S11<=3),1,0) -> 1 | AC11: =IF(AND(S11>=2,S11<=5),1,0) -> 1 | AD11: =IF(AND(S11>=1,S11<=4),1,0) -> 1 | AE11: =IF(AND(S11>=2,S11<=5),1,0) -> 1
A12: =A11+1 -> 12 | B12: J1 | C12: 46226.661 | D12: 2 | E12: Sat | F12: 45710 | G12: 15:00 (07:00) | H12: Kashima Antlers | I12: 4–0 | J12: Tokyo Verdy | K12: 26021 | L12: Kashima Soccer Stadium | M12: Akihiko Ikeuchi | N12: Match Report | P12: =IF(I12<>"","Giocata","Futura") -> Giocata | Q12: =VALUE(LEFT(I12,1)) -> 4 | R12: =VALUE(RIGHT(I12,1)) -> 0 | S12: =SUM(Q12:R12) -> 4 | T12: =IF(Q12<>R12,1,0) -> 1 | U12: =IF(S12<=4,1,0) -> 1 | V12: =IF(AND(T12=1,U12=1),1,0) -> 1 | W12: =IF(S12>=2,1,0) -> 1 | X12: =IF(Q12<=2,1,0) -> 0 | Y12: =IF(AND(Q12>=1,Q12<=3),1,0) -> 0 | Z12: =IF(AND(Q12>=2,Q12<=5),1,0) -> 1 | AA12: =IF(S12<=2,1,0) -> 0 | AB12: =IF(AND(S12>=1,S12<=3),1,0) -> 0 | AC12: =IF(AND(S12>=2,S12<=5),1,0) -> 1 | AD12: =IF(AND(S12>=1,S12<=4),1,0) -> 1 | AE12: =IF(AND(S12>=2,S12<=5),1,0) -> 1
A13: =A12+1 -> 13 | B13: J1 | C13: 46226.661 | D13: 2 | E13: Sat | F13: 45710 | G13: 15:00 (07:00) | H13: FC Tokyo | I13: 0–1 | J13: Machida Zelvia | K13: 29545 | L13: Ajinomoto Stadium | M13: Futoshi Nakamura | N13: Match Report | P13: =IF(I13<>"","Giocata","Futura") -> Giocata | Q13: =VALUE(LEFT(I13,1)) -> 0 | R13: =VALUE(RIGHT(I13,1)) -> 1 | S13: =SUM(Q13:R13) -> 1 | T13: =IF(Q13<>R13,1,0) -> 1 | U13: =IF(S13<=4,1,0) -> 1 | V13: =IF(AND(T13=1,U13=1),1,0) -> 1 | W13: =IF(S13>=2,1,0) -> 0 | X13: =IF(Q13<=2,1,0) -> 1 | Y13: =IF(AND(Q13>=1,Q13<=3),1,0) -> 0 | Z13: =IF(AND(Q13>=2,Q13<=5),1,0) -> 0 | AA13: =IF(S13<=2,1,0) -> 1 | AB13: =IF(AND(S13>=1,S13<=3),1,0) -> 1 | AC13: =IF(AND(S13>=2,S13<=5),1,0) -> 0 | AD13: =IF(AND(S13>=1,S13<=4),1,0) -> 1 | AE13: =IF(AND(S13>=2,S13<=5),1,0) -> 0
... A387: =A386+1 -> 387 | B387: Ireland | C387: 46226.661 | D387: 2 | E387: Fri | F387: 46066 | G387: 19:45 (20:45) | H387: Derry City | I387: 2–2 | J387: Dundalk FC | K387: 4323 | L387: The Ryan McBride Brandywell Stadium | M387: D. Toland | N387: Match Report | P387: =IF(I387<>"","Giocata","Futura") -> Giocata | Q387: =VALUE(LEFT(I387,1)) -> 2 | R387: =VALUE(RIGHT(I387,1)) -> 2 | S387: =SUM(Q387:R387) -> 4 | T387: =IF(Q387<>R387,1,0) -> 0 | U387: =IF(S387<=4,1,0) -> 1 | V387: =IF(AND(T387=1,U387=1),1,0) -> 0 | W387: =IF(S387>=2,1,0) -> 1 | X387: =IF(Q387<=2,1,0) -> 1 | Y387: =IF(AND(Q387>=1,Q387<=3),1,0) -> 1 | Z387: =IF(AND(Q387>=2,Q387<=5),1,0) -> 1 | AA387: =IF(S387<=2,1,0) -> 0 | AB387: =IF(AND(S387>=1,S387<=3),1,0) -> 0 | AC387: =IF(AND(S387>=2,S387<=5),1,0) -> 1 | AD387: =IF(AND(S387>=1,S387<=4),1,0) -> 1 | AE387: =IF(AND(S387>=2,S387<=5),1,0) -> 1
A388: =A387+1 -> 388 | B388: Ireland | C388: 46226.661 | D388: 2 | E388: Sat | F388: 46067 | G388: 19:45 (20:45) | H388: Sligo Rovers | I388: 0–4 | J388: Bohemian FC | L388: The Showgrounds | M388: Alan Patchell | N388: Match Report | P388: =IF(I388<>"","Giocata","Futura") -> Giocata | Q388: =VALUE(LEFT(I388,1)) -> 0 | R388: =VALUE(RIGHT(I388,1)) -> 4 | S388: =SUM(Q388:R388) -> 4 | T388: =IF(Q388<>R388,1,0) -> 1 | U388: =IF(S388<=4,1,0) -> 1 | V388: =IF(AND(T388=1,U388=1),1,0) -> 1 | W388: =IF(S388>=2,1,0) -> 1 | X388: =IF(Q388<=2,1,0) -> 1 | Y388: =IF(AND(Q388>=1,Q388<=3),1,0) -> 0 | Z388: =IF(AND(Q388>=2,Q388<=5),1,0) -> 0 | AA388: =IF(S388<=2,1,0) -> 0 | AB388: =IF(AND(S388>=1,S388<=3),1,0) -> 0 | AC388: =IF(AND(S388>=2,S388<=5),1,0) -> 1 | AD388: =IF(AND(S388>=1,S388<=4),1,0) -> 1 | AE388: =IF(AND(S388>=2,S388<=5),1,0) -> 1
A389: =A388+1 -> 389 | B389: Ireland | C389: 46226.661 | D389: 3 | E389: Fri | F389: 46073 | G389: 19:45 (20:45) | H389: Waterford United | I389: 0–0 | J389: Sligo Rovers | K389: 2132 | L389: Waterford Regional Sports Centre | M389: Daniel Murphy | N389: Match Report | P389: =IF(I389<>"","Giocata","Futura") -> Giocata | Q389: =VALUE(LEFT(I389,1)) -> 0 | R389: =VALUE(RIGHT(I389,1)) -> 0 | S389: =SUM(Q389:R389) -> 0 | T389: =IF(Q389<>R389,1,0) -> 0 | U389: =IF(S389<=4,1,0) -> 1 | V389: =IF(AND(T389=1,U389=1),1,0) -> 0 | W389: =IF(S389>=2,1,0) -> 0 | X389: =IF(Q389<=2,1,0) -> 1 | Y389: =IF(AND(Q389>=1,Q389<=3),1,0) -> 0 | Z389: =IF(AND(Q389>=2,Q389<=5),1,0) -> 0 | AA389: =IF(S389<=2,1,0) -> 1 | AB389: =IF(AND(S389>=1,S389<=3),1,0) -> 0 | AC389: =IF(AND(S389>=2,S389<=5),1,0) -> 0 | AD389: =IF(AND(S389>=1,S389<=4),1,0) -> 0 | AE389: =IF(AND(S389>=2,S389<=5),1,0) -> 0
A390: =A389+1 -> 390 | B390: Ireland | C390: 46226.661 | D390: 3 | E390: Fri | F390: 46073 | G390: 19:45 (20:45) | H390: Derry City | I390: 0–1 | J390: Bohemian FC | K390: 4434 | L390: The Ryan McBride Brandywell Stadium | M390: Marc Lynch | N390: Match Report | P390: =IF(I390<>"","Giocata","Futura") -> Giocata | Q390: =VALUE(LEFT(I390,1)) -> 0 | R390: =VALUE(RIGHT(I390,1)) -> 1 | S390: =SUM(Q390:R390) -> 1 | T390: =IF(Q390<>R390,1,0) -> 1 | U390: =IF(S390<=4,1,0) -> 1 | V390: =IF(AND(T390=1,U390=1),1,0) -> 1 | W390: =IF(S390>=2,1,0) -> 0 | X390: =IF(Q390<=2,1,0) -> 1 | Y390: =IF(AND(Q390>=1,Q390<=3),1,0) -> 0 | Z390: =IF(AND(Q390>=2,Q390<=5),1,0) -> 0 | AA390: =IF(S390<=2,1,0) -> 1 | AB390: =IF(AND(S390>=1,S390<=3),1,0) -> 1 | AC390: =IF(AND(S390>=2,S390<=5),1,0) -> 0 | AD390: =IF(AND(S390>=1,S390<=4),1,0) -> 1 | AE390: =IF(AND(S390>=2,S390<=5),1,0) -> 0
A391: =A390+1 -> 391 | B391: Ireland | C391: 46226.661 | D391: 3 | E391: Fri | F391: 46073 | G391: 20:00 (21:00) | H391: Shamrock | I391: 2–0 | J391: St Patrick's | K391: 7573 | L391: Tallaght Stadium | M391: Robert Harvey | N391: Match Report | P391: =IF(I391<>"","Giocata","Futura") -> Giocata | Q391: =VALUE(LEFT(I391,1)) -> 2 | R391: =VALUE(RIGHT(I391,1)) -> 0 | S391: =SUM(Q391:R391) -> 2 | T391: =IF(Q391<>R391,1,0) -> 1 | U391: =IF(S391<=4,1,0) -> 1 | V391: =IF(AND(T391=1,U391=1),1,0) -> 1 | W391: =IF(S391>=2,1,0) -> 1 | X391: =IF(Q391<=2,1,0) -> 1 | Y391: =IF(AND(Q391>=1,Q391<=3),1,0) -> 1 | Z391: =IF(AND(Q391>=2,Q391<=5),1,0) -> 1 | AA391: =IF(S391<=2,1,0) -> 1 | AB391: =IF(AND(S391>=1,S391<=3),1,0) -> 1 | AC391: =IF(AND(S391>=2,S391<=5),1,0) -> 1 | AD391: =IF(AND(S391>=1,S391<=4),1,0) -> 1 | AE391: =IF(AND(S391>=2,S391<=5),1,0) -> 1
A392: =A391+1 -> 392 | B392: Ireland | C392: 46226.661 | D392: 3 | E392: Fri | F392: 46073 | G392: 20:00 (21:00) | H392: Dundalk FC | I392: 1–1 | J392: Drogheda United | K392: 3819 | L392: Oriel Park | M392: Rob Hennessy | N392: Match Report | P392: =IF(I392<>"","Giocata","Futura") -> Giocata | Q392: =VALUE(LEFT(I392,1)) -> 1 | R392: =VALUE(RIGHT(I392,1)) -> 1 | S392: =SUM(Q392:R392) -> 2 | T392: =IF(Q392<>R392,1,0) -> 0 | U392: =IF(S392<=4,1,0) -> 1 | V392: =IF(AND(T392=1,U392=1),1,0) -> 0 | W392: =IF(S392>=2,1,0) -> 1 | X392: =IF(Q392<=2,1,0) -> 1 | Y392: =IF(AND(Q392>=1,Q392<=3),1,0) -> 1 | Z392: =IF(AND(Q392>=2,Q392<=5),1,0) -> 0 | AA392: =IF(S392<=2,1,0) -> 1 | AB392: =IF(AND(S392>=1,S392<=3),1,0) -> 1 | AC392: =IF(AND(S392>=2,S392<=5),1,0) -> 1 | AD392: =IF(AND(S392>=1,S392<=4),1,0) -> 1 | AE392: =IF(AND(S392>=2,S392<=5),1,0) -> 1
A393: =A392+1 -> 393 | B393: Ireland | C393: 46226.661 | D393: 3 | E393: Fri | F393: 46073 | G393: 19:45 (20:45) | H393: Shelbourne FC | I393: 1–1 | J393: Galway United | K393: 4052 | L393: Tolka Park | M393: Kevin O'Sullivan | N393: Match Report | P393: =IF(I393<>"","Giocata","Futura") -> Giocata | Q393: =VALUE(LEFT(I393,1)) -> 1 | R393: =VALUE(RIGHT(I393,1)) -> 1 | S393: =SUM(Q393:R393) -> 2 | T393: =IF(Q393<>R393,1,0) -> 0 | U393: =IF(S393<=4,1,0) -> 1 | V393: =IF(AND(T393=1,U393=1),1,0) -> 0 | W393: =IF(S393>=2,1,0) -> 1 | X393: =IF(Q393<=2,1,0) -> 1 | Y393: =IF(AND(Q393>=1,Q393<=3),1,0) -> 1 | Z393: =IF(AND(Q393>=2,Q393<=5),1,0) -> 0 | AA393: =IF(S393<=2,1,0) -> 1 | AB393: =IF(AND(S393>=1,S393<=3),1,0) -> 1 | AC393: =IF(AND(S393>=2,S393<=5),1,0) -> 1 | AD393: =IF(AND(S393>=1,S393<=4),1,0) -> 1 | AE393: =IF(AND(S393>=2,S393<=5),1,0) -> 1
A394: =A393+1 -> 394 | B394: Ireland | C394: 46226.661 | D394: 1 | E394: Mon | F394: 46076 | G394: 20:00 (21:00) | H394: Shamrock | I394: 1–1 | J394: Dundalk FC | K394: 4352 | L394: Tallaght Stadium | M394: Aaron O'Dowd | N394: Match Report | P394: =IF(I394<>"","Giocata","Futura") -> Giocata | Q394: =VALUE(LEFT(I394,1)) -> 1 | R394: =VALUE(RIGHT(I394,1)) -> 1 | S394: =SUM(Q394:R394) -> 2 | T394: =IF(Q394<>R394,1,0) -> 0 | U394: =IF(S394<=4,1,0) -> 1 | V394: =IF(AND(T394=1,U394=1),1,0) -> 0 | W394: =IF(S394>=2,1,0) -> 1 | X394: =IF(Q394<=2,1,0) -> 1 | Y394: =IF(AND(Q394>=1,Q394<=3),1,0) -> 1 | Z394: =IF(AND(Q394>=2,Q394<=5),1,0) -> 0 | AA394: =IF(S394<=2,1,0) -> 1 | AB394: =IF(AND(S394>=1,S394<=3),1,0) -> 1 | AC394: =IF(AND(S394>=2,S394<=5),1,0) -> 1 | AD394: =IF(AND(S394>=1,S394<=4),1,0) -> 1 | AE394: =IF(AND(S394>=2,S394<=5),1,0) -> 1
A395: =A394+1 -> 395 | B395: Ireland | C395: 46226.661 | D395: 4 | E395: Fri | F395: 46080 | G395: 19:45 (20:45) | H395: Derry City | I395: 4–2 | J395: Waterford United | K395: 3413 | L395: The Ryan McBride Brandywell Stadium | M395: Paul Norton | N395: Match Report | P395: =IF(I395<>"","Giocata","Futura") -> Giocata | Q395: =VALUE(LEFT(I395,1)) -> 4 | R395: =VALUE(RIGHT(I395,1)) -> 2 | S395: =SUM(Q395:R395) -> 6 | T395: =IF(Q395<>R395,1,0) -> 1 | U395: =IF(S395<=4,1,0) -> 0 | V395: =IF(AND(T395=1,U395=1),1,0) -> 0 | W395: =IF(S395>=2,1,0) -> 1 | X395: =IF(Q395<=2,1,0) -> 0 | Y395: =IF(AND(Q395>=1,Q395<=3),1,0) -> 0 | Z395: =IF(AND(Q395>=2,Q395<=5),1,0) -> 1 | AA395: =IF(S395<=2,1,0) -> 0 | AB395: =IF(AND(S395>=1,S395<=3),1,0) -> 0 | AC395: =IF(AND(S395>=2,S395<=5),1,0) -> 0 | AD395: =IF(AND(S395>=1,S395<=4),1,0) -> 0 | AE395: =IF(AND(S395>=2,S395<=5),1,0) -> 0
A396: =A395+1 -> 396 | B396: Ireland | C396: 46226.661 | D396: 4 | E396: Fri | F396: 46080 | G396: 20:00 (21:00) | H396: Bohemian FC | I396: 3–2 | J396: Shamrock | K396: 4442 | L396: Dalymount Park | M396: Neil Doyle | N396: Match Report | P396: =IF(I396<>"","Giocata","Futura") -> Giocata | Q396: =VALUE(LEFT(I396,1)) -> 3 | R396: =VALUE(RIGHT(I396,1)) -> 2 | S396: =SUM(Q396:R396) -> 5 | T396: =IF(Q396<>R396,1,0) -> 1 | U396: =IF(S396<=4,1,0) -> 0 | V396: =IF(AND(T396=1,U396=1),1,0) -> 0 | W396: =IF(S396>=2,1,0) -> 1 | X396: =IF(Q396<=2,1,0) -> 0 | Y396: =IF(AND(Q396>=1,Q396<=3),1,0) -> 1 | Z396: =IF(AND(Q396>=2,Q396<=5),1,0) -> 1 | AA396: =IF(S396<=2,1,0) -> 0 | AB396: =IF(AND(S396>=1,S396<=3),1,0) -> 0 | AC396: =IF(AND(S396>=2,S396<=5),1,0) -> 1 | AD396: =IF(AND(S396>=1,S396<=4),1,0) -> 0 | AE396: =IF(AND(S396>=2,S396<=5),1,0) -> 1
A397: =A396+1 -> 397 | B397: Ireland | C397: 46226.661 | D397: 4 | E397: Fri | F397: 46080 | G397: 19:45 (20:45) | H397: St Patrick's | I397: 4–0 | J397: Dundalk FC | K397: 4427 | L397: Richmond Park | M397: Lucas Keating | N397: Match Report | P397: =IF(I397<>"","Giocata","Futura") -> Giocata | Q397: =VALUE(LEFT(I397,1)) -> 4 | R397: =VALUE(RIGHT(I397,1)) -> 0 | S397: =SUM(Q397:R397) -> 4 | T397: =IF(Q397<>R397,1,0) -> 1 | U397: =IF(S397<=4,1,0) -> 1 | V397: =IF(AND(T397=1,U397=1),1,0) -> 1 | W397: =IF(S397>=2,1,0) -> 1 | X397: =IF(Q397<=2,1,0) -> 0 | Y397: =IF(AND(Q397>=1,Q397<=3),1,0) -> 0 | Z397: =IF(AND(Q397>=2,Q397<=5),1,0) -> 1 | AA397: =IF(S397<=2,1,0) -> 0 | AB397: =IF(AND(S397>=1,S397<=3),1,0) -> 0 | AC397: =IF(AND(S397>=2,S397<=5),1,0) -> 1 | AD397: =IF(AND(S397>=1,S397<=4),1,0) -> 1 | AE397: =IF(AND(S397>=2,S397<=5),1,0) -> 1
A398: =A397+1 -> 398 | B398: Ireland | C398: 46226.661 | D398: 4 | E398: Fri | F398: 46080 | G398: 19:45 (20:45) | H398: Galway United | I398: 1–0 | J398: Sligo Rovers | K398: 3456 | L398: Deacy Park | M398: Rob Hennessy | N398: Match Report | P398: =IF(I398<>"","Giocata","Futura") -> Giocata | Q398: =VALUE(LEFT(I398,1)) -> 1 | R398: =VALUE(RIGHT(I398,1)) -> 0 | S398: =SUM(Q398:R398) -> 1 | T398: =IF(Q398<>R398,1,0) -> 1 | U398: =IF(S398<=4,1,0) -> 1 | V398: =IF(AND(T398=1,U398=1),1,0) -> 1 | W398: =IF(S398>=2,1,0) -> 0 | X398: =IF(Q398<=2,1,0) -> 1 | Y398: =IF(AND(Q398>=1,Q398<=3),1,0) -> 1 | Z398: =IF(AND(Q398>=2,Q398<=5),1,0) -> 0 | AA398: =IF(S398<=2,1,0) -> 1 | AB398: =IF(AND(S398>=1,S398<=3),1,0) -> 1 | AC398: =IF(AND(S398>=2,S398<=5),1,0) -> 0 | AD398: =IF(AND(S398>=1,S398<=4),1,0) -> 1 | AE398: =IF(AND(S398>=2,S398<=5),1,0) -> 0
A399: =A398+1 -> 399 | B399: Ireland | C399: 46226.661 | D399: 4 | E399: Fri | F399: 46080 | G399: 19:45 (20:45) | H399: Drogheda United | I399: 1–2 | J399: Shelbourne FC | K399: 2520 | L399: Sullivan and Lambe Park | M399: Robert Harvey | N399: Match Report | P399: =IF(I399<>"","Giocata","Futura") -> Giocata | Q399: =VALUE(LEFT(I399,1)) -> 1 | R399: =VALUE(RIGHT(I399,1)) -> 2 | S399: =SUM(Q399:R399) -> 3 | T399: =IF(Q399<>R399,1,0) -> 1 | U399: =IF(S399<=4,1,0) -> 1 | V399: =IF(AND(T399=1,U399=1),1,0) -> 1 | W399: =IF(S399>=2,1,0) -> 1 | X399: =IF(Q399<=2,1,0) -> 1 | Y399: =IF(AND(Q399>=1,Q399<=3),1,0) -> 1 | Z399: =IF(AND(Q399>=2,Q399<=5),1,0) -> 0 | AA399: =IF(S399<=2,1,0) -> 0 | AB399: =IF(AND(S399>=1,S399<=3),1,0) -> 1 | AC399: =IF(AND(S399>=2,S399<=5),1,0) -> 1 | AD399: =IF(AND(S399>=1,S399<=4),1,0) -> 1 | AE399: =IF(AND(S399>=2,S399<=5),1,0) -> 1
A400: =A399+1 -> 400 | B400: K1 | C400: 46226.661 | D400: 1 | E400: Sat | F400: 46081 | G400: 14:00 (06:00) | H400: Ulsan HD | I400: 3–1 | J400: Gangwon FC | K400: 11036 | L400: Munsu Cup Stadium | M400: Park Byungjin | N400: Match Report | P400: =IF(I400<>"","Giocata","Futura") -> Giocata | Q400: =VALUE(LEFT(I400,1)) -> 3 | R400: =VALUE(RIGHT(I400,1)) -> 1 | S400: =SUM(Q400:R400) -> 4 | T400: =IF(Q400<>R400,1,0) -> 1 | U400: =IF(S400<=4,1,0) -> 1 | V400: =IF(AND(T400=1,U400=1),1,0) -> 1 | W400: =IF(S400>=2,1,0) -> 1 | X400: =IF(Q400<=2,1,0) -> 0 | Y400: =IF(AND(Q400>=1,Q400<=3),1,0) -> 1 | Z400: =IF(AND(Q400>=2,Q400<=5),1,0) -> 1 | AA400: =IF(S400<=2,1,0) -> 0 | AB400: =IF(AND(S400>=1,S400<=3),1,0) -> 0 | AC400: =IF(AND(S400>=2,S400<=5),1,0) -> 1 | AD400: =IF(AND(S400>=1,S400<=4),1,0) -> 1 | AE400: =IF(AND(S400>=2,S400<=5),1,0) -> 1
... A411: =A410+1 -> 411 | B411: Ireland | C411: 46226.661 | D411: 5 | E411: Fri | F411: 46087 | G411: 20:00 (21:00) | H411: Shamrock | I411: 1–0 | J411: Derry City | K411: 5205 | L411: Tallaght Stadium | M411: Kevin O'Sullivan | N411: Match Report | P411: =IF(I411<>"","Giocata","Futura") -> Giocata | Q411: =VALUE(LEFT(I411,1)) -> 1 | R411: =VALUE(RIGHT(I411,1)) -> 0 | S411: =SUM(Q411:R411) -> 1 | T411: =IF(Q411<>R411,1,0) -> 1 | U411: =IF(S411<=4,1,0) -> 1 | V411: =IF(AND(T411=1,U411=1),1,0) -> 1 | W411: =IF(S411>=2,1,0) -> 0 | X411: =IF(Q411<=2,1,0) -> 1 | Y411: =IF(AND(Q411>=1,Q411<=3),1,0) -> 1 | Z411: =IF(AND(Q411>=2,Q411<=5),1,0) -> 0 | AA411: =IF(S411<=2,1,0) -> 1 | AB411: =IF(AND(S411>=1,S411<=3),1,0) -> 1 | AC411: =IF(AND(S411>=2,S411<=5),1,0) -> 0 | AD411: =IF(AND(S411>=1,S411<=4),1,0) -> 1 | AE411: =IF(AND(S411>=2,S411<=5),1,0) -> 0
A412: =A411+1 -> 412 | B412: Ireland | C412: 46226.661 | D412: 5 | E412: Sat | F412: 46088 | G412: 19:45 (20:45) | H412: Sligo Rovers | I412: 2–1 | J412: Drogheda United | L412: The Showgrounds | M412: Oliver Moran | N412: Match Report | P412: =IF(I412<>"","Giocata","Futura") -> Giocata | Q412: =VALUE(LEFT(I412,1)) -> 2 | R412: =VALUE(RIGHT(I412,1)) -> 1 | S412: =SUM(Q412:R412) -> 3 | T412: =IF(Q412<>R412,1,0) -> 1 | U412: =IF(S412<=4,1,0) -> 1 | V412: =IF(AND(T412=1,U412=1),1,0) -> 1 | W412: =IF(S412>=2,1,0) -> 1 | X412: =IF(Q412<=2,1,0) -> 1 | Y412: =IF(AND(Q412>=1,Q412<=3),1,0) -> 1 | Z412: =IF(AND(Q412>=2,Q412<=5),1,0) -> 1 | AA412: =IF(S412<=2,1,0) -> 0 | AB412: =IF(AND(S412>=1,S412<=3),1,0) -> 1 | AC412: =IF(AND(S412>=2,S412<=5),1,0) -> 1 | AD412: =IF(AND(S412>=1,S412<=4),1,0) -> 1 | AE412: =IF(AND(S412>=2,S412<=5),1,0) -> 1
A413: =A412+1 -> 413 | B413: Chinese | C413: 46226.661 | D413: 1 | E413: Sat | F413: 46088 | G413: 17:00 (10:00) | H413: Shanghai Shen | I413: 5–3 | J413: Dalian Yingbo | K413: 42193 | L413: Shanghai Stadium | M413: Yige Dai | N413: Match Report | P413: =IF(I413<>"","Giocata","Futura") -> Giocata | Q413: =VALUE(LEFT(I413,1)) -> 5 | R413: =VALUE(RIGHT(I413,1)) -> 3 | S413: =SUM(Q413:R413) -> 8 | T413: =IF(Q413<>R413,1,0) -> 1 | U413: =IF(S413<=4,1,0) -> 0 | V413: =IF(AND(T413=1,U413=1),1,0) -> 0 | W413: =IF(S413>=2,1,0) -> 1 | X413: =IF(Q413<=2,1,0) -> 0 | Y413: =IF(AND(Q413>=1,Q413<=3),1,0) -> 0 | Z413: =IF(AND(Q413>=2,Q413<=5),1,0) -> 1 | AA413: =IF(S413<=2,1,0) -> 0 | AB413: =IF(AND(S413>=1,S413<=3),1,0) -> 0 | AC413: =IF(AND(S413>=2,S413<=5),1,0) -> 0 | AD413: =IF(AND(S413>=1,S413<=4),1,0) -> 0 | AE413: =IF(AND(S413>=2,S413<=5),1,0) -> 0
A414: =A413+1 -> 414 | B414: K1 | C414: 46226.661 | D414: 2 | E414: Sat | F414: 46088 | G414: 16:30 (08:30) | H414: Gwangju FC | I414: 3–2 | J414: Incheon United | K414: 7574 | L414: Guus Hiddink Stadium | M414: Choi Hyunjai | N414: Match Report | P414: =IF(I414<>"","Giocata","Futura") -> Giocata | Q414: =VALUE(LEFT(I414,1)) -> 3 | R414: =VALUE(RIGHT(I414,1)) -> 2 | S414: =SUM(Q414:R414) -> 5 | T414: =IF(Q414<>R414,1,0) -> 1 | U414: =IF(S414<=4,1,0) -> 0 | V414: =IF(AND(T414=1,U414=1),1,0) -> 0 | W414: =IF(S414>=2,1,0) -> 1 | X414: =IF(Q414<=2,1,0) -> 0 | Y414: =IF(AND(Q414>=1,Q414<=3),1,0) -> 1 | Z414: =IF(AND(Q414>=2,Q414<=5),1,0) -> 1 | AA414: =IF(S414<=2,1,0) -> 0 | AB414: =IF(AND(S414>=1,S414<=3),1,0) -> 0 | AC414: =IF(AND(S414>=2,S414<=5),1,0) -> 1 | AD414: =IF(AND(S414>=1,S414<=4),1,0) -> 0 | AE414: =IF(AND(S414>=2,S414<=5),1,0) -> 1
A415: =A414+1 -> 415 | B415: Chinese | C415: 46226.661 | D415: 1 | E415: Sat | F415: 46088 | G415: 15:30 (08:30) | H415: Jinmen Tiger | I415: 0–0 | J415: Chongqing | K415: 25081 | L415: TEDA Football Stadium | M415: Danao Shan | N415: Match Report | P415: =IF(I415<>"","Giocata","Futura") -> Giocata | Q415: =VALUE(LEFT(I415,1)) -> 0 | R415: =VALUE(RIGHT(I415,1)) -> 0 | S415: =SUM(Q415:R415) -> 0 | T415: =IF(Q415<>R415,1,0) -> 0 | U415: =IF(S415<=4,1,0) -> 1 | V415: =IF(AND(T415=1,U415=1),1,0) -> 0 | W415: =IF(S415>=2,1,0) -> 0 | X415: =IF(Q415<=2,1,0) -> 1 | Y415: =IF(AND(Q415>=1,Q415<=3),1,0) -> 0 | Z415: =IF(AND(Q415>=2,Q415<=5),1,0) -> 0 | AA415: =IF(S415<=2,1,0) -> 1 | AB415: =IF(AND(S415>=1,S415<=3),1,0) -> 0 | AC415: =IF(AND(S415>=2,S415<=5),1,0) -> 0 | AD415: =IF(AND(S415>=1,S415<=4),1,0) -> 0 | AE415: =IF(AND(S415>=2,S415<=5),1,0) -> 0
A416: =A415+1 -> 416 | B416: Chinese | C416: 46226.661 | D416: 1 | E416: Sat | F416: 46088 | G416: 15:30 (08:30) | H416: SD Taishan | I416: 3–0 | J416: Shenyang Urban | K416: 30519 | L416: Jinan Olympic Sports Center Stadium | M416: Zhang Lei | N416: Match Report | P416: =IF(I416<>"","Giocata","Futura") -> Giocata | Q416: =VALUE(LEFT(I416,1)) -> 3 | R416: =VALUE(RIGHT(I416,1)) -> 0 | S416: =SUM(Q416:R416) -> 3 | T416: =IF(Q416<>R416,1,0) -> 1 | U416: =IF(S416<=4,1,0) -> 1 | V416: =IF(AND(T416=1,U416=1),1,0) -> 1 | W416: =IF(S416>=2,1,0) -> 1 | X416: =IF(Q416<=2,1,0) -> 0 | Y416: =IF(AND(Q416>=1,Q416<=3),1,0) -> 1 | Z416: =IF(AND(Q416>=2,Q416<=5),1,0) -> 1 | AA416: =IF(S416<=2,1,0) -> 0 | AB416: =IF(AND(S416>=1,S416<=3),1,0) -> 1 | AC416: =IF(AND(S416>=2,S416<=5),1,0) -> 1 | AD416: =IF(AND(S416>=1,S416<=4),1,0) -> 1 | AE416: =IF(AND(S416>=2,S416<=5),1,0) -> 1
A417: =A416+1 -> 417 | B417: Chinese | C417: 46226.661 | D417: 1 | E417: Sat | F417: 46088 | G417: 19:35 (12:35) | H417: Yunnan Yukun | I417: 3–1 | J417: Qingdao Hainiu | K417: 22163 | L417: Yuxi Highland Sports Center Stadium | M417: Jing Wang | N417: Match Report | P417: =IF(I417<>"","Giocata","Futura") -> Giocata | Q417: =VALUE(LEFT(I417,1)) -> 3 | R417: =VALUE(RIGHT(I417,1)) -> 1 | S417: =SUM(Q417:R417) -> 4 | T417: =IF(Q417<>R417,1,0) -> 1 | U417: =IF(S417<=4,1,0) -> 1 | V417: =IF(AND(T417=1,U417=1),1,0) -> 1 | W417: =IF(S417>=2,1,0) -> 1 | X417: =IF(Q417<=2,1,0) -> 0 | Y417: =IF(AND(Q417>=1,Q417<=3),1,0) -> 1 | Z417: =IF(AND(Q417>=2,Q417<=5),1,0) -> 1 | AA417: =IF(S417<=2,1,0) -> 0 | AB417: =IF(AND(S417>=1,S417<=3),1,0) -> 0 | AC417: =IF(AND(S417>=2,S417<=5),1,0) -> 1 | AD417: =IF(AND(S417>=1,S417<=4),1,0) -> 1 | AE417: =IF(AND(S417>=2,S417<=5),1,0) -> 1
A418: =A417+1 -> 418 | B418: Chinese | C418: 46226.661 | D418: 1 | E418: Sat | F418: 46088 | G418: 19:35 (12:35) | H418: Shanghai Port | I418: 1–2 | J418: Henan | K418: 22863 | L418: SAIC Motor Pudong Arena | M418: Shunqi Tang | N418: Match Report | P418: =IF(I418<>"","Giocata","Futura") -> Giocata | Q418: =VALUE(LEFT(I418,1)) -> 1 | R418: =VALUE(RIGHT(I418,1)) -> 2 | S418: =SUM(Q418:R418) -> 3 | T418: =IF(Q418<>R418,1,0) -> 1 | U418: =IF(S418<=4,1,0) -> 1 | V418: =IF(AND(T418=1,U418=1),1,0) -> 1 | W418: =IF(S418>=2,1,0) -> 1 | X418: =IF(Q418<=2,1,0) -> 1 | Y418: =IF(AND(Q418>=1,Q418<=3),1,0) -> 1 | Z418: =IF(AND(Q418>=2,Q418<=5),1,0) -> 0 | AA418: =IF(S418<=2,1,0) -> 0 | AB418: =IF(AND(S418>=1,S418<=3),1,0) -> 1 | AC418: =IF(AND(S418>=2,S418<=5),1,0) -> 1 | AD418: =IF(AND(S418>=1,S418<=4),1,0) -> 1 | AE418: =IF(AND(S418>=2,S418<=5),1,0) -> 1
A419: =A418+1 -> 419 | B419: K1 | C419: 46226.661 | D419: 2 | E419: Sat | F419: 46088 | G419: 16:30 (08:30) | H419: Bucheon FC | I419: 1–1 | J419: Daejeon Hana | K419: 10224 | L419: Bucheon Stadium | M419: Chae Sanghyeop | N419: Match Report | P419: =IF(I419<>"","Giocata","Futura") -> Giocata | Q419: =VALUE(LEFT(I419,1)) -> 1 | R419: =VALUE(RIGHT(I419,1)) -> 1 | S419: =SUM(Q419:R419) -> 2 | T419: =IF(Q419<>R419,1,0) -> 0 | U419: =IF(S419<=4,1,0) -> 1 | V419: =IF(AND(T419=1,U419=1),1,0) -> 0 | W419: =IF(S419>=2,1,0) -> 1 | X419: =IF(Q419<=2,1,0) -> 1 | Y419: =IF(AND(Q419>=1,Q419<=3),1,0) -> 1 | Z419: =IF(AND(Q419>=2,Q419<=5),1,0) -> 0 | AA419: =IF(S419<=2,1,0) -> 1 | AB419: =IF(AND(S419>=1,S419<=3),1,0) -> 1 | AC419: =IF(AND(S419>=2,S419<=5),1,0) -> 1 | AD419: =IF(AND(S419>=1,S419<=4),1,0) -> 1 | AE419: =IF(AND(S419>=2,S419<=5),1,0) -> 1
A420: =A419+1 -> 420 | B420: Chinese | C420: 46226.661 | D420: 1 | E420: Sun | F420: 46089 | G420: 19:00 (12:00) | H420: Wuhan 3 Towns | I420: 0–2 | J420: Beijing Guoan | K420: 21679 | L420: Wuhan Sports Center Stadium | M420: Shuran Gan | N420: Match Report | P420: =IF(I420<>"","Giocata","Futura") -> Giocata | Q420: =VALUE(LEFT(I420,1)) -> 0 | R420: =VALUE(RIGHT(I420,1)) -> 2 | S420: =SUM(Q420:R420) -> 2 | T420: =IF(Q420<>R420,1,0) -> 1 | U420: =IF(S420<=4,1,0) -> 1 | V420: =IF(AND(T420=1,U420=1),1,0) -> 1 | W420: =IF(S420>=2,1,0) -> 1 | X420: =IF(Q420<=2,1,0) -> 1 | Y420: =IF(AND(Q420>=1,Q420<=3),1,0) -> 0 | Z420: =IF(AND(Q420>=2,Q420<=5),1,0) -> 0 | AA420: =IF(S420<=2,1,0) -> 1 | AB420: =IF(AND(S420>=1,S420<=3),1,0) -> 1 | AC420: =IF(AND(S420>=2,S420<=5),1,0) -> 1 | AD420: =IF(AND(S420>=1,S420<=4),1,0) -> 1 | AE420: =IF(AND(S420>=2,S420<=5),1,0) -> 1
A421: =A420+1 -> 421 | B421: Chinese | C421: 46226.661 | D421: 1 | E421: Sun | F421: 46089 | G421: 15:30 (08:30) | H421: Zhejiang | I421: 2–0 | J421: Q. West Coast | K421: 25128 | L421: Yellow Dragon Sports Center | M421: Li Haixin | N421: Match Report | P421: =IF(I421<>"","Giocata","Futura") -> Giocata | Q421: =VALUE(LEFT(I421,1)) -> 2 | R421: =VALUE(RIGHT(I421,1)) -> 0 | S421: =SUM(Q421:R421) -> 2 | T421: =IF(Q421<>R421,1,0) -> 1 | U421: =IF(S421<=4,1,0) -> 1 | V421: =IF(AND(T421=1,U421=1),1,0) -> 1 | W421: =IF(S421>=2,1,0) -> 1 | X421: =IF(Q421<=2,1,0) -> 1 | Y421: =IF(AND(Q421>=1,Q421<=3),1,0) -> 1 | Z421: =IF(AND(Q421>=2,Q421<=5),1,0) -> 1 | AA421: =IF(S421<=2,1,0) -> 1 | AB421: =IF(AND(S421>=1,S421<=3),1,0) -> 1 | AC421: =IF(AND(S421>=2,S421<=5),1,0) -> 1 | AD421: =IF(AND(S421>=1,S421<=4),1,0) -> 1 | AE421: =IF(AND(S421>=2,S421<=5),1,0) -> 1
A422: =A421+1 -> 422 | B422: K1 | C422: 46226.661 | D422: 2 | E422: Sun | F422: 46089 | G422: 16:30 (08:30) | H422: FC Anyang | I422: 2–1 | J422: Jeju United | K422: 10021 | L422: Anyang Stadium | M422: Cheol junchoi | N422: Match Report | P422: =IF(I422<>"","Giocata","Futura") -> Giocata | Q422: =VALUE(LEFT(I422,1)) -> 2 | R422: =VALUE(RIGHT(I422,1)) -> 1 | S422: =SUM(Q422:R422) -> 3 | T422: =IF(Q422<>R422,1,0) -> 1 | U422: =IF(S422<=4,1,0) -> 1 | V422: =IF(AND(T422=1,U422=1),1,0) -> 1 | W422: =IF(S422>=2,1,0) -> 1 | X422: =IF(Q422<=2,1,0) -> 1 | Y422: =IF(AND(Q422>=1,Q422<=3),1,0) -> 1 | Z422: =IF(AND(Q422>=2,Q422<=5),1,0) -> 1 | AA422: =IF(S422<=2,1,0) -> 0 | AB422: =IF(AND(S422>=1,S422<=3),1,0) -> 1 | AC422: =IF(AND(S422>=2,S422<=5),1,0) -> 1 | AD422: =IF(AND(S422>=1,S422<=4),1,0) -> 1 | AE422: =IF(AND(S422>=2,S422<=5),1,0) -> 1
A423: =A422+1 -> 423 | B423: K1 | C423: 46226.661 | D423: 2 | E423: Sun | F423: 46089 | G423: 14:00 (06:00) | H423: Sangmu | I423: 1–1 | J423: Jeonbuk | K423: 3323 | L423: Gimcheon Stadium | M423: Shin Yongjun | N423: Match Report | P423: =IF(I423<>"","Giocata","Futura") -> Giocata | Q423: =VALUE(LEFT(I423,1)) -> 1 | R423: =VALUE(RIGHT(I423,1)) -> 1 | S423: =SUM(Q423:R423) -> 2 | T423: =IF(Q423<>R423,1,0) -> 0 | U423: =IF(S423<=4,1,0) -> 1 | V423: =IF(AND(T423=1,U423=1),1,0) -> 0 | W423: =IF(S423>=2,1,0) -> 1 | X423: =IF(Q423<=2,1,0) -> 1 | Y423: =IF(AND(Q423>=1,Q423<=3),1,0) -> 1 | Z423: =IF(AND(Q423>=2,Q423<=5),1,0) -> 0 | AA423: =IF(S423<=2,1,0) -> 1 | AB423: =IF(AND(S423>=1,S423<=3),1,0) -> 1 | AC423: =IF(AND(S423>=2,S423<=5),1,0) -> 1 | AD423: =IF(AND(S423>=1,S423<=4),1,0) -> 1 | AE423: =IF(AND(S423>=2,S423<=5),1,0) -> 1
A424: =A423+1 -> 424 | B424: Ireland | C424: 46226.661 | D424: 2 | E424: Mon | F424: 46090 | G424: 19:45 (20:45) | H424: Shelbourne FC | I424: 2–2 | J424: Shamrock | K424: 5683 | L424: Tolka Park | M424: Rob Hennessy | N424: Match Report | P424: =IF(I424<>"","Giocata","Futura") -> Giocata | Q424: =VALUE(LEFT(I424,1)) -> 2 | R424: =VALUE(RIGHT(I424,1)) -> 2 | S424: =SUM(Q424:R424) -> 4 | T424: =IF(Q424<>R424,1,0) -> 0 | U424: =IF(S424<=4,1,0) -> 1 | V424: =IF(AND(T424=1,U424=1),1,0) -> 0 | W424: =IF(S424>=2,1,0) -> 1 | X424: =IF(Q424<=2,1,0) -> 1 | Y424: =IF(AND(Q424>=1,Q424<=3),1,0) -> 1 | Z424: =IF(AND(Q424>=2,Q424<=5),1,0) -> 1 | AA424: =IF(S424<=2,1,0) -> 0 | AB424: =IF(AND(S424>=1,S424<=3),1,0) -> 0 | AC424: =IF(AND(S424>=2,S424<=5),1,0) -> 1 | AD424: =IF(AND(S424>=1,S424<=4),1,0) -> 1 | AE424: =IF(AND(S424>=2,S424<=5),1,0) -> 1
... A438: =A437+1 -> 438 | B438: K1 | C438: 46226.661 | D438: 3 | E438: Sat | F438: 46095 | G438: 16:30 (08:30) | H438: Daejeon Hana | I438: 1–1 | J438: Sangmu | K438: 6494 | L438: Daejeon World Cup Stadium | M438: Ko Hyungjin | N438: Match Report | P438: =IF(I438<>"","Giocata","Futura") -> Giocata | Q438: =VALUE(LEFT(I438,1)) -> 1 | R438: =VALUE(RIGHT(I438,1)) -> 1 | S438: =SUM(Q438:R438) -> 2 | T438: =IF(Q438<>R438,1,0) -> 0 | U438: =IF(S438<=4,1,0) -> 1 | V438: =IF(AND(T438=1,U438=1),1,0) -> 0 | W438: =IF(S438>=2,1,0) -> 1 | X438: =IF(Q438<=2,1,0) -> 1 | Y438: =IF(AND(Q438>=1,Q438<=3),1,0) -> 1 | Z438: =IF(AND(Q438>=2,Q438<=5),1,0) -> 0 | AA438: =IF(S438<=2,1,0) -> 1 | AB438: =IF(AND(S438>=1,S438<=3),1,0) -> 1 | AC438: =IF(AND(S438>=2,S438<=5),1,0) -> 1 | AD438: =IF(AND(S438>=1,S438<=4),1,0) -> 1 | AE438: =IF(AND(S438>=2,S438<=5),1,0) -> 1
A439: =A438+1 -> 439 | B439: Eliteserien | C439: 46226.661 | D439: 1 | E439: Sun | F439: 46096 | G439: 17:00 | H439: KFUM Oslo | I439: 2–0 | J439: Start | L439: KFUM Arena | M439: Christian Moen | N439: Match Report | P439: =IF(I439<>"","Giocata","Futura") -> Giocata | Q439: =VALUE(LEFT(I439,1)) -> 2 | R439: =VALUE(RIGHT(I439,1)) -> 0 | S439: =SUM(Q439:R439) -> 2 | T439: =IF(Q439<>R439,1,0) -> 1 | U439: =IF(S439<=4,1,0) -> 1 | V439: =IF(AND(T439=1,U439=1),1,0) -> 1 | W439: =IF(S439>=2,1,0) -> 1 | X439: =IF(Q439<=2,1,0) -> 1 | Y439: =IF(AND(Q439>=1,Q439<=3),1,0) -> 1 | Z439: =IF(AND(Q439>=2,Q439<=5),1,0) -> 1 | AA439: =IF(S439<=2,1,0) -> 1 | AB439: =IF(AND(S439>=1,S439<=3),1,0) -> 1 | AC439: =IF(AND(S439>=2,S439<=5),1,0) -> 1 | AD439: =IF(AND(S439>=1,S439<=4),1,0) -> 1 | AE439: =IF(AND(S439>=2,S439<=5),1,0) -> 1
A440: =A439+1 -> 440 | B440: Eliteserien | C440: 46226.661 | D440: 1 | E440: Sun | F440: 46096 | G440: 17:00 | H440: Vålerenga | I440: 1–0 | J440: Sandefjord | L440: Intility Arena | M440: Rohit Saggi | N440: Match Report | P440: =IF(I440<>"","Giocata","Futura") -> Giocata | Q440: =VALUE(LEFT(I440,1)) -> 1 | R440: =VALUE(RIGHT(I440,1)) -> 0 | S440: =SUM(Q440:R440) -> 1 | T440: =IF(Q440<>R440,1,0) -> 1 | U440: =IF(S440<=4,1,0) -> 1 | V440: =IF(AND(T440=1,U440=1),1,0) -> 1 | W440: =IF(S440>=2,1,0) -> 0 | X440: =IF(Q440<=2,1,0) -> 1 | Y440: =IF(AND(Q440>=1,Q440<=3),1,0) -> 1 | Z440: =IF(AND(Q440>=2,Q440<=5),1,0) -> 0 | AA440: =IF(S440<=2,1,0) -> 1 | AB440: =IF(AND(S440>=1,S440<=3),1,0) -> 1 | AC440: =IF(AND(S440>=2,S440<=5),1,0) -> 0 | AD440: =IF(AND(S440>=1,S440<=4),1,0) -> 1 | AE440: =IF(AND(S440>=2,S440<=5),1,0) -> 0
A441: =A440+1 -> 441 | B441: Eliteserien | C441: 46226.661 | D441: 1 | E441: Sun | F441: 46096 | G441: 17:00 | H441: Aalesund | I441: 1–3 | J441: Lillestrøm | L441: Color Line Stadion | M441: Espen Eskås | N441: Match Report | P441: =IF(I441<>"","Giocata","Futura") -> Giocata | Q441: =VALUE(LEFT(I441,1)) -> 1 | R441: =VALUE(RIGHT(I441,1)) -> 3 | S441: =SUM(Q441:R441) -> 4 | T441: =IF(Q441<>R441,1,0) -> 1 | U441: =IF(S441<=4,1,0) -> 1 | V441: =IF(AND(T441=1,U441=1),1,0) -> 1 | W441: =IF(S441>=2,1,0) -> 1 | X441: =IF(Q441<=2,1,0) -> 1 | Y441: =IF(AND(Q441>=1,Q441<=3),1,0) -> 1 | Z441: =IF(AND(Q441>=2,Q441<=5),1,0) -> 0 | AA441: =IF(S441<=2,1,0) -> 0 | AB441: =IF(AND(S441>=1,S441<=3),1,0) -> 0 | AC441: =IF(AND(S441>=2,S441<=5),1,0) -> 1 | AD441: =IF(AND(S441>=1,S441<=4),1,0) -> 1 | AE441: =IF(AND(S441>=2,S441<=5),1,0) -> 1
A442: =A441+1 -> 442 | B442: Chinese | C442: 46226.661 | D442: 2 | E442: Sun | F442: 46096 | G442: 19:00 (12:00) | H442: Shanghai Port | I442: 4–1 | J442: Q. West Coast | K442: 18533 | L442: SAIC Motor Pudong Arena | M442: Kai He | N442: Match Report | P442: =IF(I442<>"","Giocata","Futura") -> Giocata | Q442: =VALUE(LEFT(I442,1)) -> 4 | R442: =VALUE(RIGHT(I442,1)) -> 1 | S442: =SUM(Q442:R442) -> 5 | T442: =IF(Q442<>R442,1,0) -> 1 | U442: =IF(S442<=4,1,0) -> 0 | V442: =IF(AND(T442=1,U442=1),1,0) -> 0 | W442: =IF(S442>=2,1,0) -> 1 | X442: =IF(Q442<=2,1,0) -> 0 | Y442: =IF(AND(Q442>=1,Q442<=3),1,0) -> 0 | Z442: =IF(AND(Q442>=2,Q442<=5),1,0) -> 1 | AA442: =IF(S442<=2,1,0) -> 0 | AB442: =IF(AND(S442>=1,S442<=3),1,0) -> 0 | AC442: =IF(AND(S442>=2,S442<=5),1,0) -> 1 | AD442: =IF(AND(S442>=1,S442<=4),1,0) -> 0 | AE442: =IF(AND(S442>=2,S442<=5),1,0) -> 1
A443: =A442+1 -> 443 | B443: Eliteserien | C443: 46226.661 | D443: 1 | E443: Sun | F443: 46096 | G443: 14:30 | H443: Kristiansund | I443: 3–2 | J443: Brann | K443: 3302 | L443: Nordmøre Stadion | M443: Mohammad Aslam | N443: Match Report | P443: =IF(I443<>"","Giocata","Futura") -> Giocata | Q443: =VALUE(LEFT(I443,1)) -> 3 | R443: =VALUE(RIGHT(I443,1)) -> 2 | S443: =SUM(Q443:R443) -> 5 | T443: =IF(Q443<>R443,1,0) -> 1 | U443: =IF(S443<=4,1,0) -> 0 | V443: =IF(AND(T443=1,U443=1),1,0) -> 0 | W443: =IF(S443>=2,1,0) -> 1 | X443: =IF(Q443<=2,1,0) -> 0 | Y443: =IF(AND(Q443>=1,Q443<=3),1,0) -> 1 | Z443: =IF(AND(Q443>=2,Q443<=5),1,0) -> 1 | AA443: =IF(S443<=2,1,0) -> 0 | AB443: =IF(AND(S443>=1,S443<=3),1,0) -> 0 | AC443: =IF(AND(S443>=2,S443<=5),1,0) -> 1 | AD443: =IF(AND(S443>=1,S443<=4),1,0) -> 0 | AE443: =IF(AND(S443>=2,S443<=5),1,0) -> 1
A444: =A443+1 -> 444 | B444: Eliteserien | C444: 46226.661 | D444: 1 | E444: Sun | F444: 46096 | G444: 19:15 | H444: Tromsø | I444: 4–0 | J444: Fredrikstad | K444: 4255 | L444: Romssa Arena | M444: Daniel Higraff | N444: Match Report | P444: =IF(I444<>"","Giocata","Futura") -> Giocata | Q444: =VALUE(LEFT(I444,1)) -> 4 | R444: =VALUE(RIGHT(I444,1)) -> 0 | S444: =SUM(Q444:R444) -> 4 | T444: =IF(Q444<>R444,1,0) -> 1 | U444: =IF(S444<=4,1,0) -> 1 | V444: =IF(AND(T444=1,U444=1),1,0) -> 1 | W444: =IF(S444>=2,1,0) -> 1 | X444: =IF(Q444<=2,1,0) -> 0 | Y444: =IF(AND(Q444>=1,Q444<=3),1,0) -> 0 | Z444: =IF(AND(Q444>=2,Q444<=5),1,0) -> 1 | AA444: =IF(S444<=2,1,0) -> 0 | AB444: =IF(AND(S444>=1,S444<=3),1,0) -> 0 | AC444: =IF(AND(S444>=2,S444<=5),1,0) -> 1 | AD444: =IF(AND(S444>=1,S444<=4),1,0) -> 1 | AE444: =IF(AND(S444>=2,S444<=5),1,0) -> 1
A445: =A444+1 -> 445 | B445: Chinese | C445: 46226.661 | D445: 2 | E445: Sun | F445: 46096 | G445: 15:30 (08:30) | H445: Henan | I445: 2–1 | J445: Yunnan Yukun | K445: 19621 | L445: Zhengzhou Hanghai Stadium | M445: Shen Yinhao | N445: Match Report | P445: =IF(I445<>"","Giocata","Futura") -> Giocata | Q445: =VALUE(LEFT(I445,1)) -> 2 | R445: =VALUE(RIGHT(I445,1)) -> 1 | S445: =SUM(Q445:R445) -> 3 | T445: =IF(Q445<>R445,1,0) -> 1 | U445: =IF(S445<=4,1,0) -> 1 | V445: =IF(AND(T445=1,U445=1),1,0) -> 1 | W445: =IF(S445>=2,1,0) -> 1 | X445: =IF(Q445<=2,1,0) -> 1 | Y445: =IF(AND(Q445>=1,Q445<=3),1,0) -> 1 | Z445: =IF(AND(Q445>=2,Q445<=5),1,0) -> 1 | AA445: =IF(S445<=2,1,0) -> 0 | AB445: =IF(AND(S445>=1,S445<=3),1,0) -> 1 | AC445: =IF(AND(S445>=2,S445<=5),1,0) -> 1 | AD445: =IF(AND(S445>=1,S445<=4),1,0) -> 1 | AE445: =IF(AND(S445>=2,S445<=5),1,0) -> 1
A446: =A445+1 -> 446 | B446: Chinese | C446: 46226.661 | D446: 2 | E446: Sun | F446: 46096 | G446: 19:35 (12:35) | H446: Rongcheng | I446: 1–0 | J446: Qingdao Hainiu | K446: 40811 | L446: Chengdu Phoenix Hill Stadium | M446: Yi Huang | N446: Match Report | P446: =IF(I446<>"","Giocata","Futura") -> Giocata | Q446: =VALUE(LEFT(I446,1)) -> 1 | R446: =VALUE(RIGHT(I446,1)) -> 0 | S446: =SUM(Q446:R446) -> 1 | T446: =IF(Q446<>R446,1,0) -> 1 | U446: =IF(S446<=4,1,0) -> 1 | V446: =IF(AND(T446=1,U446=1),1,0) -> 1 | W446: =IF(S446>=2,1,0) -> 0 | X446: =IF(Q446<=2,1,0) -> 1 | Y446: =IF(AND(Q446>=1,Q446<=3),1,0) -> 1 | Z446: =IF(AND(Q446>=2,Q446<=5),1,0) -> 0 | AA446: =IF(S446<=2,1,0) -> 1 | AB446: =IF(AND(S446>=1,S446<=3),1,0) -> 1 | AC446: =IF(AND(S446>=2,S446<=5),1,0) -> 0 | AD446: =IF(AND(S446>=1,S446<=4),1,0) -> 1 | AE446: =IF(AND(S446>=2,S446<=5),1,0) -> 0
A447: =A446+1 -> 447 | B447: K1 | C447: 46226.661 | D447: 3 | E447: Sun | F447: 46096 | G447: 14:00 (06:00) | H447: Bucheon FC | I447: 1–2 | J447: Ulsan HD | K447: 8558 | L447: Bucheon Stadium | M447: Kim Daeyong | N447: Match Report | P447: =IF(I447<>"","Giocata","Futura") -> Giocata | Q447: =VALUE(LEFT(I447,1)) -> 1 | R447: =VALUE(RIGHT(I447,1)) -> 2 | S447: =SUM(Q447:R447) -> 3 | T447: =IF(Q447<>R447,1,0) -> 1 | U447: =IF(S447<=4,1,0) -> 1 | V447: =IF(AND(T447=1,U447=1),1,0) -> 1 | W447: =IF(S447>=2,1,0) -> 1 | X447: =IF(Q447<=2,1,0) -> 1 | Y447: =IF(AND(Q447>=1,Q447<=3),1,0) -> 1 | Z447: =IF(AND(Q447>=2,Q447<=5),1,0) -> 0 | AA447: =IF(S447<=2,1,0) -> 0 | AB447: =IF(AND(S447>=1,S447<=3),1,0) -> 1 | AC447: =IF(AND(S447>=2,S447<=5),1,0) -> 1 | AD447: =IF(AND(S447>=1,S447<=4),1,0) -> 1 | AE447: =IF(AND(S447>=2,S447<=5),1,0) -> 1
A448: =A447+1 -> 448 | B448: K1 | C448: 46226.661 | D448: 3 | E448: Sun | F448: 46096 | G448: 14:00 (06:00) | H448: Jeju United | I448: 1–2 | J448: FC Seoul | K448: 7518 | L448: Jeju World Cup Stadium | M448: Park Byungjin | N448: Match Report | P448: =IF(I448<>"","Giocata","Futura") -> Giocata | Q448: =VALUE(LEFT(I448,1)) -> 1 | R448: =VALUE(RIGHT(I448,1)) -> 2 | S448: =SUM(Q448:R448) -> 3 | T448: =IF(Q448<>R448,1,0) -> 1 | U448: =IF(S448<=4,1,0) -> 1 | V448: =IF(AND(T448=1,U448=1),1,0) -> 1 | W448: =IF(S448>=2,1,0) -> 1 | X448: =IF(Q448<=2,1,0) -> 1 | Y448: =IF(AND(Q448>=1,Q448<=3),1,0) -> 1 | Z448: =IF(AND(Q448>=2,Q448<=5),1,0) -> 0 | AA448: =IF(S448<=2,1,0) -> 0 | AB448: =IF(AND(S448>=1,S448<=3),1,0) -> 1 | AC448: =IF(AND(S448>=2,S448<=5),1,0) -> 1 | AD448: =IF(AND(S448>=1,S448<=4),1,0) -> 1 | AE448: =IF(AND(S448>=2,S448<=5),1,0) -> 1
A449: =A448+1 -> 449 | B449: K1 | C449: 46226.661 | D449: 3 | E449: Sun | F449: 46096 | G449: 16:30 (08:30) | H449: Pohang Steelers | I449: 1–1 | J449: Incheon United | K449: 10510 | L449: Pohang Steelyard | M449: Seol Taehwan | N449: Match Report | P449: =IF(I449<>"","Giocata","Futura") -> Giocata | Q449: =VALUE(LEFT(I449,1)) -> 1 | R449: =VALUE(RIGHT(I449,1)) -> 1 | S449: =SUM(Q449:R449) -> 2 | T449: =IF(Q449<>R449,1,0) -> 0 | U449: =IF(S449<=4,1,0) -> 1 | V449: =IF(AND(T449=1,U449=1),1,0) -> 0 | W449: =IF(S449>=2,1,0) -> 1 | X449: =IF(Q449<=2,1,0) -> 1 | Y449: =IF(AND(Q449>=1,Q449<=3),1,0) -> 1 | Z449: =IF(AND(Q449>=2,Q449<=5),1,0) -> 0 | AA449: =IF(S449<=2,1,0) -> 1 | AB449: =IF(AND(S449>=1,S449<=3),1,0) -> 1 | AC449: =IF(AND(S449>=2,S449<=5),1,0) -> 1 | AD449: =IF(AND(S449>=1,S449<=4),1,0) -> 1 | AE449: =IF(AND(S449>=2,S449<=5),1,0) -> 1
A450: =A449+1 -> 450 | B450: K1 | C450: 46226.661 | D450: 3 | E450: Sun | F450: 46096 | G450: 16:30 (08:30) | H450: Gangwon FC | I450: 1–1 | J450: FC Anyang | K450: 6087 | L450: Gangneung Stadium | M450: Kim Jonghyeok | N450: Match Report | P450: =IF(I450<>"","Giocata","Futura") -> Giocata | Q450: =VALUE(LEFT(I450,1)) -> 1 | R450: =VALUE(RIGHT(I450,1)) -> 1 | S450: =SUM(Q450:R450) -> 2 | T450: =IF(Q450<>R450,1,0) -> 0 | U450: =IF(S450<=4,1,0) -> 1 | V450: =IF(AND(T450=1,U450=1),1,0) -> 0 | W450: =IF(S450>=2,1,0) -> 1 | X450: =IF(Q450<=2,1,0) -> 1 | Y450: =IF(AND(Q450>=1,Q450<=3),1,0) -> 1 | Z450: =IF(AND(Q450>=2,Q450<=5),1,0) -> 0 | AA450: =IF(S450<=2,1,0) -> 1 | AB450: =IF(AND(S450>=1,S450<=3),1,0) -> 1 | AC450: =IF(AND(S450>=2,S450<=5),1,0) -> 1 | AD450: =IF(AND(S450>=1,S450<=4),1,0) -> 1 | AE450: =IF(AND(S450>=2,S450<=5),1,0) -> 1
A451: =A450+1 -> 451 | B451: Ireland | C451: 46226.661 | D451: 7 | E451: Mon | F451: 46097 | G451: 20:00 (21:00) | H451: Galway United | I451: 4–3 | J451: Waterford United | K451: 1836 | L451: Deacy Park | M451: Kevin O'Sullivan | N451: Match Report | P451: =IF(I451<>"","Giocata","Futura") -> Giocata | Q451: =VALUE(LEFT(I451,1)) -> 4 | R451: =VALUE(RIGHT(I451,1)) -> 3 | S451: =SUM(Q451:R451) -> 7 | T451: =IF(Q451<>R451,1,0) -> 1 | U451: =IF(S451<=4,1,0) -> 0 | V451: =IF(AND(T451=1,U451=1),1,0) -> 0 | W451: =IF(S451>=2,1,0) -> 1 | X451: =IF(Q451<=2,1,0) -> 0 | Y451: =IF(AND(Q451>=1,Q451<=3),1,0) -> 0 | Z451: =IF(AND(Q451>=2,Q451<=5),1,0) -> 1 | AA451: =IF(S451<=2,1,0) -> 0 | AB451: =IF(AND(S451>=1,S451<=3),1,0) -> 0 | AC451: =IF(AND(S451>=2,S451<=5),1,0) -> 0 | AD451: =IF(AND(S451>=1,S451<=4),1,0) -> 0 | AE451: =IF(AND(S451>=2,S451<=5),1,0) -> 0
A452: =A451+1 -> 452 | B452: Ireland | C452: 46226.661 | D452: 7 | E452: Mon | F452: 46097 | G452: 19:45 (20:45) | H452: St Patrick's | I452: 0–0 | J452: Derry City | K452: 4502 | L452: Richmond Park | M452: Robert Harvey | N452: Match Report | P452: =IF(I452<>"","Giocata","Futura") -> Giocata | Q452: =VALUE(LEFT(I452,1)) -> 0 | R452: =VALUE(RIGHT(I452,1)) -> 0 | S452: =SUM(Q452:R452) -> 0 | T452: =IF(Q452<>R452,1,0) -> 0 | U452: =IF(S452<=4,1,0) -> 1 | V452: =IF(AND(T452=1,U452=1),1,0) -> 0 | W452: =IF(S452>=2,1,0) -> 0 | X452: =IF(Q452<=2,1,0) -> 1 | Y452: =IF(AND(Q452>=1,Q452<=3),1,0) -> 0 | Z452: =IF(AND(Q452>=2,Q452<=5),1,0) -> 0 | AA452: =IF(S452<=2,1,0) -> 1 | AB452: =IF(AND(S452>=1,S452<=3),1,0) -> 0 | AC452: =IF(AND(S452>=2,S452<=5),1,0) -> 0 | AD452: =IF(AND(S452>=1,S452<=4),1,0) -> 0 | AE452: =IF(AND(S452>=2,S452<=5),1,0) -> 0
A453: =A452+1 -> 453 | B453: Ireland | C453: 46226.661 | D453: 7 | E453: Mon | F453: 46097 | G453: 19:45 (20:45) | H453: Drogheda United | I453: 0–0 | J453: Shamrock | K453: 2417 | L453: Sullivan and Lambe Park | M453: D. Toland | N453: Match Report | P453: =IF(I453<>"","Giocata","Futura") -> Giocata | Q453: =VALUE(LEFT(I453,1)) -> 0 | R453: =VALUE(RIGHT(I453,1)) -> 0 | S453: =SUM(Q453:R453) -> 0 | T453: =IF(Q453<>R453,1,0) -> 0 | U453: =IF(S453<=4,1,0) -> 1 | V453: =IF(AND(T453=1,U453=1),1,0) -> 0 | W453: =IF(S453>=2,1,0) -> 0 | X453: =IF(Q453<=2,1,0) -> 1 | Y453: =IF(AND(Q453>=1,Q453<=3),1,0) -> 0 | Z453: =IF(AND(Q453>=2,Q453<=5),1,0) -> 0 | AA453: =IF(S453<=2,1,0) -> 1 | AB453: =IF(AND(S453>=1,S453<=3),1,0) -> 0 | AC453: =IF(AND(S453>=2,S453<=5),1,0) -> 0 | AD453: =IF(AND(S453>=1,S453<=4),1,0) -> 0 | AE453: =IF(AND(S453>=2,S453<=5),1,0) -> 0
... A533: =A532+1 -> 533 | B533: Eliteserien | C533: 46226.661 | D533: 3 | E533: Tue | F533: 46119 | G533: 19:00 | H533: KFUM Oslo | I533: 1–2 | J533: Sandefjord | K533: 1365 | L533: KFUM Arena | M533: Marius Grøtta | N533: Match Report | P533: =IF(I533<>"","Giocata","Futura") -> Giocata | Q533: =VALUE(LEFT(I533,1)) -> 1 | R533: =VALUE(RIGHT(I533,1)) -> 2 | S533: =SUM(Q533:R533) -> 3 | T533: =IF(Q533<>R533,1,0) -> 1 | U533: =IF(S533<=4,1,0) -> 1 | V533: =IF(AND(T533=1,U533=1),1,0) -> 1 | W533: =IF(S533>=2,1,0) -> 1 | X533: =IF(Q533<=2,1,0) -> 1 | Y533: =IF(AND(Q533>=1,Q533<=3),1,0) -> 1 | Z533: =IF(AND(Q533>=2,Q533<=5),1,0) -> 0 | AA533: =IF(S533<=2,1,0) -> 0 | AB533: =IF(AND(S533>=1,S533<=3),1,0) -> 1 | AC533: =IF(AND(S533>=2,S533<=5),1,0) -> 1 | AD533: =IF(AND(S533>=1,S533<=4),1,0) -> 1 | AE533: =IF(AND(S533>=2,S533<=5),1,0) -> 1
A534: =A533+1 -> 534 | B534: Ireland | C534: 46226.661 | D534: 11 | E534: Fri | F534: 46122 | G534: 19:45 (20:45) | H534: Bohemian FC | I534: 1–2 | J534: Sligo Rovers | L534: Dalymount Park | M534: Neil Doyle | N534: Match Report | P534: =IF(I534<>"","Giocata","Futura") -> Giocata | Q534: =VALUE(LEFT(I534,1)) -> 1 | R534: =VALUE(RIGHT(I534,1)) -> 2 | S534: =SUM(Q534:R534) -> 3 | T534: =IF(Q534<>R534,1,0) -> 1 | U534: =IF(S534<=4,1,0) -> 1 | V534: =IF(AND(T534=1,U534=1),1,0) -> 1 | W534: =IF(S534>=2,1,0) -> 1 | X534: =IF(Q534<=2,1,0) -> 1 | Y534: =IF(AND(Q534>=1,Q534<=3),1,0) -> 1 | Z534: =IF(AND(Q534>=2,Q534<=5),1,0) -> 0 | AA534: =IF(S534<=2,1,0) -> 0 | AB534: =IF(AND(S534>=1,S534<=3),1,0) -> 1 | AC534: =IF(AND(S534>=2,S534<=5),1,0) -> 1 | AD534: =IF(AND(S534>=1,S534<=4),1,0) -> 1 | AE534: =IF(AND(S534>=2,S534<=5),1,0) -> 1
A535: =A534+1 -> 535 | B535: Ireland | C535: 46226.661 | D535: 11 | E535: Fri | F535: 46122 | G535: 20:00 (21:00) | H535: St Patrick's | I535: 0–1 | J535: Shamrock | L535: Richmond Park | M535: Robert Harvey | N535: Match Report | P535: =IF(I535<>"","Giocata","Futura") -> Giocata | Q535: =VALUE(LEFT(I535,1)) -> 0 | R535: =VALUE(RIGHT(I535,1)) -> 1 | S535: =SUM(Q535:R535) -> 1 | T535: =IF(Q535<>R535,1,0) -> 1 | U535: =IF(S535<=4,1,0) -> 1 | V535: =IF(AND(T535=1,U535=1),1,0) -> 1 | W535: =IF(S535>=2,1,0) -> 0 | X535: =IF(Q535<=2,1,0) -> 1 | Y535: =IF(AND(Q535>=1,Q535<=3),1,0) -> 0 | Z535: =IF(AND(Q535>=2,Q535<=5),1,0) -> 0 | AA535: =IF(S535<=2,1,0) -> 1 | AB535: =IF(AND(S535>=1,S535<=3),1,0) -> 1 | AC535: =IF(AND(S535>=2,S535<=5),1,0) -> 0 | AD535: =IF(AND(S535>=1,S535<=4),1,0) -> 1 | AE535: =IF(AND(S535>=2,S535<=5),1,0) -> 0
A536: =A535+1 -> 536 | B536: Veikkausliiga | C536: 46226.661 | D536: 2 | E536: Fri | F536: 46122 | G536: 20:00 (19:00) | H536: VPS | I536: 0–0 | J536: FF Jaro | K536: 3724 | L536: Lemonsoft Stadion | M536: Oliver Reitala | N536: Match Report | P536: =IF(I536<>"","Giocata","Futura") -> Giocata | Q536: =VALUE(LEFT(I536,1)) -> 0 | R536: =VALUE(RIGHT(I536,1)) -> 0 | S536: =SUM(Q536:R536) -> 0 | T536: =IF(Q536<>R536,1,0) -> 0 | U536: =IF(S536<=4,1,0) -> 1 | V536: =IF(AND(T536=1,U536=1),1,0) -> 0 | W536: =IF(S536>=2,1,0) -> 0 | X536: =IF(Q536<=2,1,0) -> 1 | Y536: =IF(AND(Q536>=1,Q536<=3),1,0) -> 0 | Z536: =IF(AND(Q536>=2,Q536<=5),1,0) -> 0 | AA536: =IF(S536<=2,1,0) -> 1 | AB536: =IF(AND(S536>=1,S536<=3),1,0) -> 0 | AC536: =IF(AND(S536>=2,S536<=5),1,0) -> 0 | AD536: =IF(AND(S536>=1,S536<=4),1,0) -> 0 | AE536: =IF(AND(S536>=2,S536<=5),1,0) -> 0
A537: =A536+1 -> 537 | B537: Chinese | C537: 46226.661 | D537: 5 | E537: Fri | F537: 46122 | G537: 19:35 (13:35) | H537: Dalian Yingbo | I537: 3–0 | J537: Zhejiang | K537: 58229 | L537: Dalian Suoyuwan Football Stadium | M537: Qiu Zhaojun | N537: Match Report | P537: =IF(I537<>"","Giocata","Futura") -> Giocata | Q537: =VALUE(LEFT(I537,1)) -> 3 | R537: =VALUE(RIGHT(I537,1)) -> 0 | S537: =SUM(Q537:R537) -> 3 | T537: =IF(Q537<>R537,1,0) -> 1 | U537: =IF(S537<=4,1,0) -> 1 | V537: =IF(AND(T537=1,U537=1),1,0) -> 1 | W537: =IF(S537>=2,1,0) -> 1 | X537: =IF(Q537<=2,1,0) -> 0 | Y537: =IF(AND(Q537>=1,Q537<=3),1,0) -> 1 | Z537: =IF(AND(Q537>=2,Q537<=5),1,0) -> 1 | AA537: =IF(S537<=2,1,0) -> 0 | AB537: =IF(AND(S537>=1,S537<=3),1,0) -> 1 | AC537: =IF(AND(S537>=2,S537<=5),1,0) -> 1 | AD537: =IF(AND(S537>=1,S537<=4),1,0) -> 1 | AE537: =IF(AND(S537>=2,S537<=5),1,0) -> 1
A538: =A537+1 -> 538 | B538: Veikkausliiga | C538: 46226.661 | D538: 2 | E538: Fri | F538: 46122 | G538: 19:00 (18:00) | H538: SJK | I538: 3–0 | J538: IFK Mariehamn | K538: 2706 | L538: OmaSP Stadion | M538: Amir Hajizadeh | N538: Match Report | P538: =IF(I538<>"","Giocata","Futura") -> Giocata | Q538: =VALUE(LEFT(I538,1)) -> 3 | R538: =VALUE(RIGHT(I538,1)) -> 0 | S538: =SUM(Q538:R538) -> 3 | T538: =IF(Q538<>R538,1,0) -> 1 | U538: =IF(S538<=4,1,0) -> 1 | V538: =IF(AND(T538=1,U538=1),1,0) -> 1 | W538: =IF(S538>=2,1,0) -> 1 | X538: =IF(Q538<=2,1,0) -> 0 | Y538: =IF(AND(Q538>=1,Q538<=3),1,0) -> 1 | Z538: =IF(AND(Q538>=2,Q538<=5),1,0) -> 1 | AA538: =IF(S538<=2,1,0) -> 0 | AB538: =IF(AND(S538>=1,S538<=3),1,0) -> 1 | AC538: =IF(AND(S538>=2,S538<=5),1,0) -> 1 | AD538: =IF(AND(S538>=1,S538<=4),1,0) -> 1 | AE538: =IF(AND(S538>=2,S538<=5),1,0) -> 1
A539: =A538+1 -> 539 | B539: Ireland | C539: 46226.661 | D539: 11 | E539: Fri | F539: 46122 | G539: 19:45 (20:45) | H539: Dundalk FC | I539: 2–2 | J539: Derry City | K539: 2736 | L539: Oriel Park | M539: Paul Norton | N539: Match Report | P539: =IF(I539<>"","Giocata","Futura") -> Giocata | Q539: =VALUE(LEFT(I539,1)) -> 2 | R539: =VALUE(RIGHT(I539,1)) -> 2 | S539: =SUM(Q539:R539) -> 4 | T539: =IF(Q539<>R539,1,0) -> 0 | U539: =IF(S539<=4,1,0) -> 1 | V539: =IF(AND(T539=1,U539=1),1,0) -> 0 | W539: =IF(S539>=2,1,0) -> 1 | X539: =IF(Q539<=2,1,0) -> 1 | Y539: =IF(AND(Q539>=1,Q539<=3),1,0) -> 1 | Z539: =IF(AND(Q539>=2,Q539<=5),1,0) -> 1 | AA539: =IF(S539<=2,1,0) -> 0 | AB539: =IF(AND(S539>=1,S539<=3),1,0) -> 0 | AC539: =IF(AND(S539>=2,S539<=5),1,0) -> 1 | AD539: =IF(AND(S539>=1,S539<=4),1,0) -> 1 | AE539: =IF(AND(S539>=2,S539<=5),1,0) -> 1
A540: =A539+1 -> 540 | B540: Veikkausliiga | C540: 46226.661 | D540: 2 | E540: Fri | F540: 46122 | G540: 18:00 (17:00) | H540: TPS | I540: 2–1 | J540: Lahti | K540: 2828 | L540: Veritas Stadion | M540: Joona Kontinen | N540: Match Report | P540: =IF(I540<>"","Giocata","Futura") -> Giocata | Q540: =VALUE(LEFT(I540,1)) -> 2 | R540: =VALUE(RIGHT(I540,1)) -> 1 | S540: =SUM(Q540:R540) -> 3 | T540: =IF(Q540<>R540,1,0) -> 1 | U540: =IF(S540<=4,1,0) -> 1 | V540: =IF(AND(T540=1,U540=1),1,0) -> 1 | W540: =IF(S540>=2,1,0) -> 1 | X540: =IF(Q540<=2,1,0) -> 1 | Y540: =IF(AND(Q540>=1,Q540<=3),1,0) -> 1 | Z540: =IF(AND(Q540>=2,Q540<=5),1,0) -> 1 | AA540: =IF(S540<=2,1,0) -> 0 | AB540: =IF(AND(S540>=1,S540<=3),1,0) -> 1 | AC540: =IF(AND(S540>=2,S540<=5),1,0) -> 1 | AD540: =IF(AND(S540>=1,S540<=4),1,0) -> 1 | AE540: =IF(AND(S540>=2,S540<=5),1,0) -> 1
A541: =A540+1 -> 541 | B541: Eliteserien | C541: 46226.661 | D541: 4 | E541: Sat | F541: 46123 | G541: 18:00 | H541: Viking | I541: 5–0 | J541: Bodø/Glimt | K541: 15900 | L541: Lyse Arena | M541: Espen Eskås | N541: Match Report | P541: =IF(I541<>"","Giocata","Futura") -> Giocata | Q541: =VALUE(LEFT(I541,1)) -> 5 | R541: =VALUE(RIGHT(I541,1)) -> 0 | S541: =SUM(Q541:R541) -> 5 | T541: =IF(Q541<>R541,1,0) -> 1 | U541: =IF(S541<=4,1,0) -> 0 | V541: =IF(AND(T541=1,U541=1),1,0) -> 0 | W541: =IF(S541>=2,1,0) -> 1 | X541: =IF(Q541<=2,1,0) -> 0 | Y541: =IF(AND(Q541>=1,Q541<=3),1,0) -> 0 | Z541: =IF(AND(Q541>=2,Q541<=5),1,0) -> 1 | AA541: =IF(S541<=2,1,0) -> 0 | AB541: =IF(AND(S541>=1,S541<=3),1,0) -> 0 | AC541: =IF(AND(S541>=2,S541<=5),1,0) -> 1 | AD541: =IF(AND(S541>=1,S541<=4),1,0) -> 0 | AE541: =IF(AND(S541>=2,S541<=5),1,0) -> 1
A542: =A541+1 -> 542 | B542: Eliteserien | C542: 46226.661 | D542: 4 | E542: Sat | F542: 46123 | G542: 14:00 | H542: Lillestrøm | I542: 3–1 | J542: Start | K542: 8851 | L542: Åråsen Stadion | M542: Rohit Saggi | N542: Match Report | P542: =IF(I542<>"","Giocata","Futura") -> Giocata | Q542: =VALUE(LEFT(I542,1)) -> 3 | R542: =VALUE(RIGHT(I542,1)) -> 1 | S542: =SUM(Q542:R542) -> 4 | T542: =IF(Q542<>R542,1,0) -> 1 | U542: =IF(S542<=4,1,0) -> 1 | V542: =IF(AND(T542=1,U542=1),1,0) -> 1 | W542: =IF(S542>=2,1,0) -> 1 | X542: =IF(Q542<=2,1,0) -> 0 | Y542: =IF(AND(Q542>=1,Q542<=3),1,0) -> 1 | Z542: =IF(AND(Q542>=2,Q542<=5),1,0) -> 1 | AA542: =IF(S542<=2,1,0) -> 0 | AB542: =IF(AND(S542>=1,S542<=3),1,0) -> 0 | AC542: =IF(AND(S542>=2,S542<=5),1,0) -> 1 | AD542: =IF(AND(S542>=1,S542<=4),1,0) -> 1 | AE542: =IF(AND(S542>=2,S542<=5),1,0) -> 1
A543: =A542+1 -> 543 | B543: Allsvenskan | C543: 46226.661 | D543: 2 | E543: Sat | F543: 46123 | G543: 15:00 | H543: Mjällby | I543: 0–2 | J543: Örgryte | K543: 3884 | L543: Strandvallen A-Plan | M543: Adi Aganovic | N543: Match Report | P543: =IF(I543<>"","Giocata","Futura") -> Giocata | Q543: =VALUE(LEFT(I543,1)) -> 0 | R543: =VALUE(RIGHT(I543,1)) -> 2 | S543: =SUM(Q543:R543) -> 2 | T543: =IF(Q543<>R543,1,0) -> 1 | U543: =IF(S543<=4,1,0) -> 1 | V543: =IF(AND(T543=1,U543=1),1,0) -> 1 | W543: =IF(S543>=2,1,0) -> 1 | X543: =IF(Q543<=2,1,0) -> 1 | Y543: =IF(AND(Q543>=1,Q543<=3),1,0) -> 0 | Z543: =IF(AND(Q543>=2,Q543<=5),1,0) -> 0 | AA543: =IF(S543<=2,1,0) -> 1 | AB543: =IF(AND(S543>=1,S543<=3),1,0) -> 1 | AC543: =IF(AND(S543>=2,S543<=5),1,0) -> 1 | AD543: =IF(AND(S543>=1,S543<=4),1,0) -> 1 | AE543: =IF(AND(S543>=2,S543<=5),1,0) -> 1
A544: =A543+1 -> 544 | B544: Allsvenskan | C544: 46226.661 | D544: 2 | E544: Sat | F544: 46123 | G544: 16:00 (15:00) | H544: Göteborg | I544: 0–2 | J544: BK Häcken | K544: 17457 | L544: Salon Urheilupuisto Stadion | M544: Joakim Sars | N544: Match Report | P544: =IF(I544<>"","Giocata","Futura") -> Giocata | Q544: =VALUE(LEFT(I544,1)) -> 0 | R544: =VALUE(RIGHT(I544,1)) -> 2 | S544: =SUM(Q544:R544) -> 2 | T544: =IF(Q544<>R544,1,0) -> 1 | U544: =IF(S544<=4,1,0) -> 1 | V544: =IF(AND(T544=1,U544=1),1,0) -> 1 | W544: =IF(S544>=2,1,0) -> 1 | X544: =IF(Q544<=2,1,0) -> 1 | Y544: =IF(AND(Q544>=1,Q544<=3),1,0) -> 0 | Z544: =IF(AND(Q544>=2,Q544<=5),1,0) -> 0 | AA544: =IF(S544<=2,1,0) -> 1 | AB544: =IF(AND(S544>=1,S544<=3),1,0) -> 1 | AC544: =IF(AND(S544>=2,S544<=5),1,0) -> 1 | AD544: =IF(AND(S544>=1,S544<=4),1,0) -> 1 | AE544: =IF(AND(S544>=2,S544<=5),1,0) -> 1
A545: =A544+1 -> 545 | B545: K1 | C545: 46226.661 | D545: 7 | E545: Sat | F545: 46123 | G545: 14:00 (07:00) | H545: Pohang Steelers | I545: 0–2 | J545: Jeju United | K545: 7827 | L545: Pohang Steelyard | M545: Shin Yongjun | N545: Match Report | P545: =IF(I545<>"","Giocata","Futura") -> Giocata | Q545: =VALUE(LEFT(I545,1)) -> 0 | R545: =VALUE(RIGHT(I545,1)) -> 2 | S545: =SUM(Q545:R545) -> 2 | T545: =IF(Q545<>R545,1,0) -> 1 | U545: =IF(S545<=4,1,0) -> 1 | V545: =IF(AND(T545=1,U545=1),1,0) -> 1 | W545: =IF(S545>=2,1,0) -> 1 | X545: =IF(Q545<=2,1,0) -> 1 | Y545: =IF(AND(Q545>=1,Q545<=3),1,0) -> 0 | Z545: =IF(AND(Q545>=2,Q545<=5),1,0) -> 0 | AA545: =IF(S545<=2,1,0) -> 1 | AB545: =IF(AND(S545>=1,S545<=3),1,0) -> 1 | AC545: =IF(AND(S545>=2,S545<=5),1,0) -> 1 | AD545: =IF(AND(S545>=1,S545<=4),1,0) -> 1 | AE545: =IF(AND(S545>=2,S545<=5),1,0) -> 1
A546: =A545+1 -> 546 | B546: Chinese | C546: 46226.661 | D546: 5 | E546: Sat | F546: 46123 | G546: 19:35 (13:35) | H546: Henan | I546: 0–1 | J546: SD Taishan | K546: 20777 | L546: Zhengzhou Hanghai Stadium | M546: Zhang Lei | N546: Match Report | P546: =IF(I546<>"","Giocata","Futura") -> Giocata | Q546: =VALUE(LEFT(I546,1)) -> 0 | R546: =VALUE(RIGHT(I546,1)) -> 1 | S546: =SUM(Q546:R546) -> 1 | T546: =IF(Q546<>R546,1,0) -> 1 | U546: =IF(S546<=4,1,0) -> 1 | V546: =IF(AND(T546=1,U546=1),1,0) -> 1 | W546: =IF(S546>=2,1,0) -> 0 | X546: =IF(Q546<=2,1,0) -> 1 | Y546: =IF(AND(Q546>=1,Q546<=3),1,0) -> 0 | Z546: =IF(AND(Q546>=2,Q546<=5),1,0) -> 0 | AA546: =IF(S546<=2,1,0) -> 1 | AB546: =IF(AND(S546>=1,S546<=3),1,0) -> 1 | AC546: =IF(AND(S546>=2,S546<=5),1,0) -> 0 | AD546: =IF(AND(S546>=1,S546<=4),1,0) -> 1 | AE546: =IF(AND(S546>=2,S546<=5),1,0) -> 0
A547: =A546+1 -> 547 | B547: K1 | C547: 46226.661 | D547: 7 | E547: Sat | F547: 46123 | G547: 16:30 (09:30) | H547: Gwangju FC | I547: 0–1 | J547: Bucheon FC | K547: 2842 | L547: Guus Hiddink Stadium | M547: Kim Jonghyeok | N547: Match Report | P547: =IF(I547<>"","Giocata","Futura") -> Giocata | Q547: =VALUE(LEFT(I547,1)) -> 0 | R547: =VALUE(RIGHT(I547,1)) -> 1 | S547: =SUM(Q547:R547) -> 1 | T547: =IF(Q547<>R547,1,0) -> 1 | U547: =IF(S547<=4,1,0) -> 1 | V547: =IF(AND(T547=1,U547=1),1,0) -> 1 | W547: =IF(S547>=2,1,0) -> 0 | X547: =IF(Q547<=2,1,0) -> 1 | Y547: =IF(AND(Q547>=1,Q547<=3),1,0) -> 0 | Z547: =IF(AND(Q547>=2,Q547<=5),1,0) -> 0 | AA547: =IF(S547<=2,1,0) -> 1 | AB547: =IF(AND(S547>=1,S547<=3),1,0) -> 1 | AC547: =IF(AND(S547>=2,S547<=5),1,0) -> 0 | AD547: =IF(AND(S547>=1,S547<=4),1,0) -> 1 | AE547: =IF(AND(S547>=2,S547<=5),1,0) -> 0
... A683: =A682+1 -> 683 | B683: Eliteserien | C683: 46226.661 | D683: 18 | E683: Thu | F683: 46142 | G683: 19:00 | H683: Bodø/Glimt | I683: 5–0 | J683: Start | K683: 5441 | L683: Aspmyra Stadion | M683: Ola Nilsen | N683: Match Report | P683: =IF(I683<>"","Giocata","Futura") -> Giocata | Q683: =VALUE(LEFT(I683,1)) -> 5 | R683: =VALUE(RIGHT(I683,1)) -> 0 | S683: =SUM(Q683:R683) -> 5 | T683: =IF(Q683<>R683,1,0) -> 1 | U683: =IF(S683<=4,1,0) -> 0 | V683: =IF(AND(T683=1,U683=1),1,0) -> 0 | W683: =IF(S683>=2,1,0) -> 1 | X683: =IF(Q683<=2,1,0) -> 0 | Y683: =IF(AND(Q683>=1,Q683<=3),1,0) -> 0 | Z683: =IF(AND(Q683>=2,Q683<=5),1,0) -> 1 | AA683: =IF(S683<=2,1,0) -> 0 | AB683: =IF(AND(S683>=1,S683<=3),1,0) -> 0 | AC683: =IF(AND(S683>=2,S683<=5),1,0) -> 1 | AD683: =IF(AND(S683>=1,S683<=4),1,0) -> 0 | AE683: =IF(AND(S683>=2,S683<=5),1,0) -> 1
A684: =A683+1 -> 684 | B684: Ireland | C684: 46226.661 | D684: 14 | E684: Fri | F684: 46143 | G684: 19:45 (20:45) | H684: Dundalk FC | I684: 1–2 | J684: Shelbourne FC | L684: Oriel Park | M684: Paul Norton | N684: Match Report | P684: =IF(I684<>"","Giocata","Futura") -> Giocata | Q684: =VALUE(LEFT(I684,1)) -> 1 | R684: =VALUE(RIGHT(I684,1)) -> 2 | S684: =SUM(Q684:R684) -> 3 | T684: =IF(Q684<>R684,1,0) -> 1 | U684: =IF(S684<=4,1,0) -> 1 | V684: =IF(AND(T684=1,U684=1),1,0) -> 1 | W684: =IF(S684>=2,1,0) -> 1 | X684: =IF(Q684<=2,1,0) -> 1 | Y684: =IF(AND(Q684>=1,Q684<=3),1,0) -> 1 | Z684: =IF(AND(Q684>=2,Q684<=5),1,0) -> 0 | AA684: =IF(S684<=2,1,0) -> 0 | AB684: =IF(AND(S684>=1,S684<=3),1,0) -> 1 | AC684: =IF(AND(S684>=2,S684<=5),1,0) -> 1 | AD684: =IF(AND(S684>=1,S684<=4),1,0) -> 1 | AE684: =IF(AND(S684>=2,S684<=5),1,0) -> 1
A685: =A684+1 -> 685 | B685: Chinese | C685: 46226.661 | D685: 9 | E685: Fri | F685: 46143 | G685: 20:00 (14:00) | H685: Shanghai Shen | I685: 2–3 | J685: Rongcheng | K685: 61815 | L685: Shanghai Stadium | M685: Ma Ning | N685: Match Report | P685: =IF(I685<>"","Giocata","Futura") -> Giocata | Q685: =VALUE(LEFT(I685,1)) -> 2 | R685: =VALUE(RIGHT(I685,1)) -> 3 | S685: =SUM(Q685:R685) -> 5 | T685: =IF(Q685<>R685,1,0) -> 1 | U685: =IF(S685<=4,1,0) -> 0 | V685: =IF(AND(T685=1,U685=1),1,0) -> 0 | W685: =IF(S685>=2,1,0) -> 1 | X685: =IF(Q685<=2,1,0) -> 1 | Y685: =IF(AND(Q685>=1,Q685<=3),1,0) -> 1 | Z685: =IF(AND(Q685>=2,Q685<=5),1,0) -> 1 | AA685: =IF(S685<=2,1,0) -> 0 | AB685: =IF(AND(S685>=1,S685<=3),1,0) -> 0 | AC685: =IF(AND(S685>=2,S685<=5),1,0) -> 1 | AD685: =IF(AND(S685>=1,S685<=4),1,0) -> 0 | AE685: =IF(AND(S685>=2,S685<=5),1,0) -> 1
A686: =A685+1 -> 686 | B686: Chinese | C686: 46226.661 | D686: 9 | E686: Fri | F686: 46143 | G686: 19:00 (13:00) | H686: Henan | I686: 4–0 | J686: Shenyang Urban | K686: 19055 | L686: Zhengzhou Hanghai Stadium | M686: Ren Tong | N686: Match Report | P686: =IF(I686<>"","Giocata","Futura") -> Giocata | Q686: =VALUE(LEFT(I686,1)) -> 4 | R686: =VALUE(RIGHT(I686,1)) -> 0 | S686: =SUM(Q686:R686) -> 4 | T686: =IF(Q686<>R686,1,0) -> 1 | U686: =IF(S686<=4,1,0) -> 1 | V686: =IF(AND(T686=1,U686=1),1,0) -> 1 | W686: =IF(S686>=2,1,0) -> 1 | X686: =IF(Q686<=2,1,0) -> 0 | Y686: =IF(AND(Q686>=1,Q686<=3),1,0) -> 0 | Z686: =IF(AND(Q686>=2,Q686<=5),1,0) -> 1 | AA686: =IF(S686<=2,1,0) -> 0 | AB686: =IF(AND(S686>=1,S686<=3),1,0) -> 0 | AC686: =IF(AND(S686>=2,S686<=5),1,0) -> 1 | AD686: =IF(AND(S686>=1,S686<=4),1,0) -> 1 | AE686: =IF(AND(S686>=2,S686<=5),1,0) -> 1
A687: =A686+1 -> 687 | B687: Eliteserien | C687: 46226.661 | D687: 7 | E687: Fri | F687: 46143 | G687: 18:00 | H687: Viking | I687: 3–0 | J687: Rosenborg | K687: 15900 | L687: Lyse Arena | M687: Sivert Øksnes Amland | N687: Match Report | P687: =IF(I687<>"","Giocata","Futura") -> Giocata | Q687: =VALUE(LEFT(I687,1)) -> 3 | R687: =VALUE(RIGHT(I687,1)) -> 0 | S687: =SUM(Q687:R687) -> 3 | T687: =IF(Q687<>R687,1,0) -> 1 | U687: =IF(S687<=4,1,0) -> 1 | V687: =IF(AND(T687=1,U687=1),1,0) -> 1 | W687: =IF(S687>=2,1,0) -> 1 | X687: =IF(Q687<=2,1,0) -> 0 | Y687: =IF(AND(Q687>=1,Q687<=3),1,0) -> 1 | Z687: =IF(AND(Q687>=2,Q687<=5),1,0) -> 1 | AA687: =IF(S687<=2,1,0) -> 0 | AB687: =IF(AND(S687>=1,S687<=3),1,0) -> 1 | AC687: =IF(AND(S687>=2,S687<=5),1,0) -> 1 | AD687: =IF(AND(S687>=1,S687<=4),1,0) -> 1 | AE687: =IF(AND(S687>=2,S687<=5),1,0) -> 1
A688: =A687+1 -> 688 | B688: Chinese | C688: 46226.661 | D688: 9 | E688: Fri | F688: 46143 | G688: 19:35 (13:35) | H688: Jinmen Tiger | I688: 2–2 | J688: Wuhan 3 Towns | K688: 32157 | L688: TEDA Football Stadium | M688: Shunqi Tang | N688: Match Report | P688: =IF(I688<>"","Giocata","Futura") -> Giocata | Q688: =VALUE(LEFT(I688,1)) -> 2 | R688: =VALUE(RIGHT(I688,1)) -> 2 | S688: =SUM(Q688:R688) -> 4 | T688: =IF(Q688<>R688,1,0) -> 0 | U688: =IF(S688<=4,1,0) -> 1 | V688: =IF(AND(T688=1,U688=1),1,0) -> 0 | W688: =IF(S688>=2,1,0) -> 1 | X688: =IF(Q688<=2,1,0) -> 1 | Y688: =IF(AND(Q688>=1,Q688<=3),1,0) -> 1 | Z688: =IF(AND(Q688>=2,Q688<=5),1,0) -> 1 | AA688: =IF(S688<=2,1,0) -> 0 | AB688: =IF(AND(S688>=1,S688<=3),1,0) -> 0 | AC688: =IF(AND(S688>=2,S688<=5),1,0) -> 1 | AD688: =IF(AND(S688>=1,S688<=4),1,0) -> 1 | AE688: =IF(AND(S688>=2,S688<=5),1,0) -> 1
A689: =A688+1 -> 689 | B689: Ireland | C689: 46226.661 | D689: 14 | E689: Fri | F689: 46143 | G689: 19:45 (20:45) | H689: Galway United | I689: 2–2 | J689: St Patrick's | K689: 2243 | L689: Deacy Park | M689: Rob Hennessy | N689: Match Report | P689: =IF(I689<>"","Giocata","Futura") -> Giocata | Q689: =VALUE(LEFT(I689,1)) -> 2 | R689: =VALUE(RIGHT(I689,1)) -> 2 | S689: =SUM(Q689:R689) -> 4 | T689: =IF(Q689<>R689,1,0) -> 0 | U689: =IF(S689<=4,1,0) -> 1 | V689: =IF(AND(T689=1,U689=1),1,0) -> 0 | W689: =IF(S689>=2,1,0) -> 1 | X689: =IF(Q689<=2,1,0) -> 1 | Y689: =IF(AND(Q689>=1,Q689<=3),1,0) -> 1 | Z689: =IF(AND(Q689>=2,Q689<=5),1,0) -> 1 | AA689: =IF(S689<=2,1,0) -> 0 | AB689: =IF(AND(S689>=1,S689<=3),1,0) -> 0 | AC689: =IF(AND(S689>=2,S689<=5),1,0) -> 1 | AD689: =IF(AND(S689>=1,S689<=4),1,0) -> 1 | AE689: =IF(AND(S689>=2,S689<=5),1,0) -> 1
A690: =A689+1 -> 690 | B690: Chinese | C690: 46226.661 | D690: 9 | E690: Fri | F690: 46143 | G690: 19:00 (13:00) | H690: Dalian Yingbo | I690: 1–0 | J690: Chongqing | K690: 62339 | L690: Dalian Suoyuwan Football Stadium | M690: Li Haixin | N690: Match Report | P690: =IF(I690<>"","Giocata","Futura") -> Giocata | Q690: =VALUE(LEFT(I690,1)) -> 1 | R690: =VALUE(RIGHT(I690,1)) -> 0 | S690: =SUM(Q690:R690) -> 1 | T690: =IF(Q690<>R690,1,0) -> 1 | U690: =IF(S690<=4,1,0) -> 1 | V690: =IF(AND(T690=1,U690=1),1,0) -> 1 | W690: =IF(S690>=2,1,0) -> 0 | X690: =IF(Q690<=2,1,0) -> 1 | Y690: =IF(AND(Q690>=1,Q690<=3),1,0) -> 1 | Z690: =IF(AND(Q690>=2,Q690<=5),1,0) -> 0 | AA690: =IF(S690<=2,1,0) -> 1 | AB690: =IF(AND(S690>=1,S690<=3),1,0) -> 1 | AC690: =IF(AND(S690>=2,S690<=5),1,0) -> 0 | AD690: =IF(AND(S690>=1,S690<=4),1,0) -> 1 | AE690: =IF(AND(S690>=2,S690<=5),1,0) -> 0
A691: =A690+1 -> 691 | B691: Ireland | C691: 46226.661 | D691: 14 | E691: Fri | F691: 46143 | G691: 20:00 (21:00) | H691: Shamrock | I691: 1–0 | J691: Waterford United | K691: 4433 | L691: Tallaght Stadium | M691: Lucas Keating | N691: Match Report | P691: =IF(I691<>"","Giocata","Futura") -> Giocata | Q691: =VALUE(LEFT(I691,1)) -> 1 | R691: =VALUE(RIGHT(I691,1)) -> 0 | S691: =SUM(Q691:R691) -> 1 | T691: =IF(Q691<>R691,1,0) -> 1 | U691: =IF(S691<=4,1,0) -> 1 | V691: =IF(AND(T691=1,U691=1),1,0) -> 1 | W691: =IF(S691>=2,1,0) -> 0 | X691: =IF(Q691<=2,1,0) -> 1 | Y691: =IF(AND(Q691>=1,Q691<=3),1,0) -> 1 | Z691: =IF(AND(Q691>=2,Q691<=5),1,0) -> 0 | AA691: =IF(S691<=2,1,0) -> 1 | AB691: =IF(AND(S691>=1,S691<=3),1,0) -> 1 | AC691: =IF(AND(S691>=2,S691<=5),1,0) -> 0 | AD691: =IF(AND(S691>=1,S691<=4),1,0) -> 1 | AE691: =IF(AND(S691>=2,S691<=5),1,0) -> 0
A692: =A691+1 -> 692 | B692: Ireland | C692: 46226.661 | D692: 14 | E692: Fri | F692: 46143 | G692: 19:45 (20:45) | H692: Drogheda United | I692: 1–0 | J692: Sligo Rovers | K692: 1811 | L692: Sullivan and Lambe Park | M692: Kevin O'Sullivan | N692: Match Report | P692: =IF(I692<>"","Giocata","Futura") -> Giocata | Q692: =VALUE(LEFT(I692,1)) -> 1 | R692: =VALUE(RIGHT(I692,1)) -> 0 | S692: =SUM(Q692:R692) -> 1 | T692: =IF(Q692<>R692,1,0) -> 1 | U692: =IF(S692<=4,1,0) -> 1 | V692: =IF(AND(T692=1,U692=1),1,0) -> 1 | W692: =IF(S692>=2,1,0) -> 0 | X692: =IF(Q692<=2,1,0) -> 1 | Y692: =IF(AND(Q692>=1,Q692<=3),1,0) -> 1 | Z692: =IF(AND(Q692>=2,Q692<=5),1,0) -> 0 | AA692: =IF(S692<=2,1,0) -> 1 | AB692: =IF(AND(S692>=1,S692<=3),1,0) -> 1 | AC692: =IF(AND(S692>=2,S692<=5),1,0) -> 0 | AD692: =IF(AND(S692>=1,S692<=4),1,0) -> 1 | AE692: =IF(AND(S692>=2,S692<=5),1,0) -> 0
A693: =A692+1 -> 693 | B693: Chinese | C693: 46226.661 | D693: 9 | E693: Fri | F693: 46143 | G693: 19:35 (13:35) | H693: SD Taishan | I693: 1–1 | J693: Q. West Coast | K693: 29378 | L693: Jinan Olympic Sports Center Stadium | M693: Meng Xiangkun | N693: Match Report | P693: =IF(I693<>"","Giocata","Futura") -> Giocata | Q693: =VALUE(LEFT(I693,1)) -> 1 | R693: =VALUE(RIGHT(I693,1)) -> 1 | S693: =SUM(Q693:R693) -> 2 | T693: =IF(Q693<>R693,1,0) -> 0 | U693: =IF(S693<=4,1,0) -> 1 | V693: =IF(AND(T693=1,U693=1),1,0) -> 0 | W693: =IF(S693>=2,1,0) -> 1 | X693: =IF(Q693<=2,1,0) -> 1 | Y693: =IF(AND(Q693>=1,Q693<=3),1,0) -> 1 | Z693: =IF(AND(Q693>=2,Q693<=5),1,0) -> 0 | AA693: =IF(S693<=2,1,0) -> 1 | AB693: =IF(AND(S693>=1,S693<=3),1,0) -> 1 | AC693: =IF(AND(S693>=2,S693<=5),1,0) -> 1 | AD693: =IF(AND(S693>=1,S693<=4),1,0) -> 1 | AE693: =IF(AND(S693>=2,S693<=5),1,0) -> 1
A694: =A693+1 -> 694 | B694: Ireland | C694: 46226.661 | D694: 14 | E694: Fri | F694: 46143 | G694: 20:00 (21:00) | H694: Bohemian FC | I694: 1–1 | J694: Derry City | K694: 4101 | L694: Dalymount Park | M694: Robert Harvey | N694: Match Report | P694: =IF(I694<>"","Giocata","Futura") -> Giocata | Q694: =VALUE(LEFT(I694,1)) -> 1 | R694: =VALUE(RIGHT(I694,1)) -> 1 | S694: =SUM(Q694:R694) -> 2 | T694: =IF(Q694<>R694,1,0) -> 0 | U694: =IF(S694<=4,1,0) -> 1 | V694: =IF(AND(T694=1,U694=1),1,0) -> 0 | W694: =IF(S694>=2,1,0) -> 1 | X694: =IF(Q694<=2,1,0) -> 1 | Y694: =IF(AND(Q694>=1,Q694<=3),1,0) -> 1 | Z694: =IF(AND(Q694>=2,Q694<=5),1,0) -> 0 | AA694: =IF(S694<=2,1,0) -> 1 | AB694: =IF(AND(S694>=1,S694<=3),1,0) -> 1 | AC694: =IF(AND(S694>=2,S694<=5),1,0) -> 1 | AD694: =IF(AND(S694>=1,S694<=4),1,0) -> 1 | AE694: =IF(AND(S694>=2,S694<=5),1,0) -> 1
A695: =A694+1 -> 695 | B695: Chinese | C695: 46226.661 | D695: 9 | E695: Sat | F695: 46144 | G695: 20:00 (14:00) | H695: Yunnan Yukun | I695: 3–3 | J695: Beijing Guoan | K695: 22347 | L695: Yuxi Highland Sports Center Stadium | M695: Zhang Lei | N695: Match Report | P695: =IF(I695<>"","Giocata","Futura") -> Giocata | Q695: =VALUE(LEFT(I695,1)) -> 3 | R695: =VALUE(RIGHT(I695,1)) -> 3 | S695: =SUM(Q695:R695) -> 6 | T695: =IF(Q695<>R695,1,0) -> 0 | U695: =IF(S695<=4,1,0) -> 0 | V695: =IF(AND(T695=1,U695=1),1,0) -> 0 | W695: =IF(S695>=2,1,0) -> 1 | X695: =IF(Q695<=2,1,0) -> 0 | Y695: =IF(AND(Q695>=1,Q695<=3),1,0) -> 1 | Z695: =IF(AND(Q695>=2,Q695<=5),1,0) -> 1 | AA695: =IF(S695<=2,1,0) -> 0 | AB695: =IF(AND(S695>=1,S695<=3),1,0) -> 0 | AC695: =IF(AND(S695>=2,S695<=5),1,0) -> 0 | AD695: =IF(AND(S695>=1,S695<=4),1,0) -> 0 | AE695: =IF(AND(S695>=2,S695<=5),1,0) -> 0
A696: =A695+1 -> 696 | B696: Allsvenskan | C696: 46226.661 | D696: 6 | E696: Sat | F696: 46144 | G696: 15:00 | H696: Sirius | I696: 3–2 | J696: Kalmar | K696: 8780 | L696: Studenternas IP | M696: Richard Sundell | N696: Match Report | P696: =IF(I696<>"","Giocata","Futura") -> Giocata | Q696: =VALUE(LEFT(I696,1)) -> 3 | R696: =VALUE(RIGHT(I696,1)) -> 2 | S696: =SUM(Q696:R696) -> 5 | T696: =IF(Q696<>R696,1,0) -> 1 | U696: =IF(S696<=4,1,0) -> 0 | V696: =IF(AND(T696=1,U696=1),1,0) -> 0 | W696: =IF(S696>=2,1,0) -> 1 | X696: =IF(Q696<=2,1,0) -> 0 | Y696: =IF(AND(Q696>=1,Q696<=3),1,0) -> 1 | Z696: =IF(AND(Q696>=2,Q696<=5),1,0) -> 1 | AA696: =IF(S696<=2,1,0) -> 0 | AB696: =IF(AND(S696>=1,S696<=3),1,0) -> 0 | AC696: =IF(AND(S696>=2,S696<=5),1,0) -> 1 | AD696: =IF(AND(S696>=1,S696<=4),1,0) -> 0 | AE696: =IF(AND(S696>=2,S696<=5),1,0) -> 1
... A829: =A828+1 -> 829 | B829: Veikkausliiga | C829: 46226.661 | D829: 7 | E829: Mon | F829: 46160 | G829: 18:00 (17:00) | H829: Lahti | I829: 1–1 | J829: VPS | K829: 1902 | L829: Lahden Stadion | M829: Matti Roth | N829: Match Report | P829: =IF(I829<>"","Giocata","Futura") -> Giocata | Q829: =VALUE(LEFT(I829,1)) -> 1 | R829: =VALUE(RIGHT(I829,1)) -> 1 | S829: =SUM(Q829:R829) -> 2 | T829: =IF(Q829<>R829,1,0) -> 0 | U829: =IF(S829<=4,1,0) -> 1 | V829: =IF(AND(T829=1,U829=1),1,0) -> 0 | W829: =IF(S829>=2,1,0) -> 1 | X829: =IF(Q829<=2,1,0) -> 1 | Y829: =IF(AND(Q829>=1,Q829<=3),1,0) -> 1 | Z829: =IF(AND(Q829>=2,Q829<=5),1,0) -> 0 | AA829: =IF(S829<=2,1,0) -> 1 | AB829: =IF(AND(S829>=1,S829<=3),1,0) -> 1 | AC829: =IF(AND(S829>=2,S829<=5),1,0) -> 1 | AD829: =IF(AND(S829>=1,S829<=4),1,0) -> 1 | AE829: =IF(AND(S829>=2,S829<=5),1,0) -> 1
A830: =A829+1 -> 830 | B830: Allsvenskan | C830: 46226.661 | D830: 8 | E830: Tue | F830: 46161 | G830: 16:00 (15:00) | H830: Örgryte | I830: 2–3 | J830: Göteborg | L830: Salon Urheilupuisto Stadion | M830: Glenn Nyberg | N830: Match Report | P830: =IF(I830<>"","Giocata","Futura") -> Giocata | Q830: =VALUE(LEFT(I830,1)) -> 2 | R830: =VALUE(RIGHT(I830,1)) -> 3 | S830: =SUM(Q830:R830) -> 5 | T830: =IF(Q830<>R830,1,0) -> 1 | U830: =IF(S830<=4,1,0) -> 0 | V830: =IF(AND(T830=1,U830=1),1,0) -> 0 | W830: =IF(S830>=2,1,0) -> 1 | X830: =IF(Q830<=2,1,0) -> 1 | Y830: =IF(AND(Q830>=1,Q830<=3),1,0) -> 1 | Z830: =IF(AND(Q830>=2,Q830<=5),1,0) -> 1 | AA830: =IF(S830<=2,1,0) -> 0 | AB830: =IF(AND(S830>=1,S830<=3),1,0) -> 0 | AC830: =IF(AND(S830>=2,S830<=5),1,0) -> 1 | AD830: =IF(AND(S830>=1,S830<=4),1,0) -> 0 | AE830: =IF(AND(S830>=2,S830<=5),1,0) -> 1
A831: =A830+1 -> 831 | B831: Chinese | C831: 46226.661 | D831: 13 | E831: Tue | F831: 46161 | G831: 20:00 (14:00) | H831: Rongcheng | I831: 0–1 | J831: Shanghai Port | K831: 41452 | L831: Chengdu Phoenix Hill Stadium | M831: Li Haixin | N831: Match Report | P831: =IF(I831<>"","Giocata","Futura") -> Giocata | Q831: =VALUE(LEFT(I831,1)) -> 0 | R831: =VALUE(RIGHT(I831,1)) -> 1 | S831: =SUM(Q831:R831) -> 1 | T831: =IF(Q831<>R831,1,0) -> 1 | U831: =IF(S831<=4,1,0) -> 1 | V831: =IF(AND(T831=1,U831=1),1,0) -> 1 | W831: =IF(S831>=2,1,0) -> 0 | X831: =IF(Q831<=2,1,0) -> 1 | Y831: =IF(AND(Q831>=1,Q831<=3),1,0) -> 0 | Z831: =IF(AND(Q831>=2,Q831<=5),1,0) -> 0 | AA831: =IF(S831<=2,1,0) -> 1 | AB831: =IF(AND(S831>=1,S831<=3),1,0) -> 1 | AC831: =IF(AND(S831>=2,S831<=5),1,0) -> 0 | AD831: =IF(AND(S831>=1,S831<=4),1,0) -> 1 | AE831: =IF(AND(S831>=2,S831<=5),1,0) -> 0
A832: =A831+1 -> 832 | B832: Chinese | C832: 46226.661 | D832: 13 | E832: Tue | F832: 46161 | G832: 19:35 (13:35) | H832: Jinmen Tiger | I832: 1–2 | J832: Henan | K832: 18739 | L832: TEDA Football Stadium | M832: Kai He | N832: Match Report | P832: =IF(I832<>"","Giocata","Futura") -> Giocata | Q832: =VALUE(LEFT(I832,1)) -> 1 | R832: =VALUE(RIGHT(I832,1)) -> 2 | S832: =SUM(Q832:R832) -> 3 | T832: =IF(Q832<>R832,1,0) -> 1 | U832: =IF(S832<=4,1,0) -> 1 | V832: =IF(AND(T832=1,U832=1),1,0) -> 1 | W832: =IF(S832>=2,1,0) -> 1 | X832: =IF(Q832<=2,1,0) -> 1 | Y832: =IF(AND(Q832>=1,Q832<=3),1,0) -> 1 | Z832: =IF(AND(Q832>=2,Q832<=5),1,0) -> 0 | AA832: =IF(S832<=2,1,0) -> 0 | AB832: =IF(AND(S832>=1,S832<=3),1,0) -> 1 | AC832: =IF(AND(S832>=2,S832<=5),1,0) -> 1 | AD832: =IF(AND(S832>=1,S832<=4),1,0) -> 1 | AE832: =IF(AND(S832>=2,S832<=5),1,0) -> 1
A833: =A832+1 -> 833 | B833: Chinese | C833: 46226.661 | D833: 13 | E833: Tue | F833: 46161 | G833: 19:35 (13:35) | H833: SZ Peng City | I833: 1–1 | J833: Dalian Yingbo | K833: 15320 | L833: Shenzhen Sports Center Stadium | M833: Su Zihao | N833: Match Report | P833: =IF(I833<>"","Giocata","Futura") -> Giocata | Q833: =VALUE(LEFT(I833,1)) -> 1 | R833: =VALUE(RIGHT(I833,1)) -> 1 | S833: =SUM(Q833:R833) -> 2 | T833: =IF(Q833<>R833,1,0) -> 0 | U833: =IF(S833<=4,1,0) -> 1 | V833: =IF(AND(T833=1,U833=1),1,0) -> 0 | W833: =IF(S833>=2,1,0) -> 1 | X833: =IF(Q833<=2,1,0) -> 1 | Y833: =IF(AND(Q833>=1,Q833<=3),1,0) -> 1 | Z833: =IF(AND(Q833>=2,Q833<=5),1,0) -> 0 | AA833: =IF(S833<=2,1,0) -> 1 | AB833: =IF(AND(S833>=1,S833<=3),1,0) -> 1 | AC833: =IF(AND(S833>=2,S833<=5),1,0) -> 1 | AD833: =IF(AND(S833>=1,S833<=4),1,0) -> 1 | AE833: =IF(AND(S833>=2,S833<=5),1,0) -> 1
A834: =A833+1 -> 834 | B834: Chinese | C834: 46226.661 | D834: 13 | E834: Tue | F834: 46161 | G834: 20:00 (14:00) | H834: Q. West Coast | I834: 1–1 | J834: Beijing Guoan | K834: 10633 | L834: Qingdao West Coast University City Stadi... | M834: Shen Yinhao | N834: Match Report | P834: =IF(I834<>"","Giocata","Futura") -> Giocata | Q834: =VALUE(LEFT(I834,1)) -> 1 | R834: =VALUE(RIGHT(I834,1)) -> 1 | S834: =SUM(Q834:R834) -> 2 | T834: =IF(Q834<>R834,1,0) -> 0 | U834: =IF(S834<=4,1,0) -> 1 | V834: =IF(AND(T834=1,U834=1),1,0) -> 0 | W834: =IF(S834>=2,1,0) -> 1 | X834: =IF(Q834<=2,1,0) -> 1 | Y834: =IF(AND(Q834>=1,Q834<=3),1,0) -> 1 | Z834: =IF(AND(Q834>=2,Q834<=5),1,0) -> 0 | AA834: =IF(S834<=2,1,0) -> 1 | AB834: =IF(AND(S834>=1,S834<=3),1,0) -> 1 | AC834: =IF(AND(S834>=2,S834<=5),1,0) -> 1 | AD834: =IF(AND(S834>=1,S834<=4),1,0) -> 1 | AE834: =IF(AND(S834>=2,S834<=5),1,0) -> 1
A835: =A834+1 -> 835 | B835: Chinese | C835: 46226.661 | D835: 13 | E835: Wed | F835: 46162 | G835: 20:00 (14:00) | H835: Zhejiang | I835: 4–1 | J835: SD Taishan | K835: 18901 | L835: Yellow Dragon Sports Center | M835: Qiu Zhaojun | N835: Match Report | P835: =IF(I835<>"","Giocata","Futura") -> Giocata | Q835: =VALUE(LEFT(I835,1)) -> 4 | R835: =VALUE(RIGHT(I835,1)) -> 1 | S835: =SUM(Q835:R835) -> 5 | T835: =IF(Q835<>R835,1,0) -> 1 | U835: =IF(S835<=4,1,0) -> 0 | V835: =IF(AND(T835=1,U835=1),1,0) -> 0 | W835: =IF(S835>=2,1,0) -> 1 | X835: =IF(Q835<=2,1,0) -> 0 | Y835: =IF(AND(Q835>=1,Q835<=3),1,0) -> 0 | Z835: =IF(AND(Q835>=2,Q835<=5),1,0) -> 1 | AA835: =IF(S835<=2,1,0) -> 0 | AB835: =IF(AND(S835>=1,S835<=3),1,0) -> 0 | AC835: =IF(AND(S835>=2,S835<=5),1,0) -> 1 | AD835: =IF(AND(S835>=1,S835<=4),1,0) -> 0 | AE835: =IF(AND(S835>=2,S835<=5),1,0) -> 1
A836: =A835+1 -> 836 | B836: Eliteserien | C836: 46226.661 | D836: 8 | E836: Wed | F836: 46162 | G836: 18:00 | H836: Start | I836: 1–4 | J836: Bodø/Glimt | K836: 10494 | L836: Sparebanken Sør Arena | M836: Marius Lien | N836: Match Report | P836: =IF(I836<>"","Giocata","Futura") -> Giocata | Q836: =VALUE(LEFT(I836,1)) -> 1 | R836: =VALUE(RIGHT(I836,1)) -> 4 | S836: =SUM(Q836:R836) -> 5 | T836: =IF(Q836<>R836,1,0) -> 1 | U836: =IF(S836<=4,1,0) -> 0 | V836: =IF(AND(T836=1,U836=1),1,0) -> 0 | W836: =IF(S836>=2,1,0) -> 1 | X836: =IF(Q836<=2,1,0) -> 1 | Y836: =IF(AND(Q836>=1,Q836<=3),1,0) -> 1 | Z836: =IF(AND(Q836>=2,Q836<=5),1,0) -> 0 | AA836: =IF(S836<=2,1,0) -> 0 | AB836: =IF(AND(S836>=1,S836<=3),1,0) -> 0 | AC836: =IF(AND(S836>=2,S836<=5),1,0) -> 1 | AD836: =IF(AND(S836>=1,S836<=4),1,0) -> 0 | AE836: =IF(AND(S836>=2,S836<=5),1,0) -> 1
A837: =A836+1 -> 837 | B837: Chinese | C837: 46226.661 | D837: 13 | E837: Wed | F837: 46162 | G837: 20:00 (14:00) | H837: Chongqing | I837: 0–0 | J837: Yunnan Yukun | K837: 38570 | L837: Chongqing Longxing Football Stadium | M837: Ai Kun | N837: Match Report | P837: =IF(I837<>"","Giocata","Futura") -> Giocata | Q837: =VALUE(LEFT(I837,1)) -> 0 | R837: =VALUE(RIGHT(I837,1)) -> 0 | S837: =SUM(Q837:R837) -> 0 | T837: =IF(Q837<>R837,1,0) -> 0 | U837: =IF(S837<=4,1,0) -> 1 | V837: =IF(AND(T837=1,U837=1),1,0) -> 0 | W837: =IF(S837>=2,1,0) -> 0 | X837: =IF(Q837<=2,1,0) -> 1 | Y837: =IF(AND(Q837>=1,Q837<=3),1,0) -> 0 | Z837: =IF(AND(Q837>=2,Q837<=5),1,0) -> 0 | AA837: =IF(S837<=2,1,0) -> 1 | AB837: =IF(AND(S837>=1,S837<=3),1,0) -> 0 | AC837: =IF(AND(S837>=2,S837<=5),1,0) -> 0 | AD837: =IF(AND(S837>=1,S837<=4),1,0) -> 0 | AE837: =IF(AND(S837>=2,S837<=5),1,0) -> 0
A838: =A837+1 -> 838 | B838: Veikkausliiga | C838: 46226.661 | D838: 15 | E838: Wed | F838: 46162 | G838: 19:00 (18:00) | H838: KuPS | I838: 3–0 | J838: FF Jaro | K838: 3040 | L838: Väre Areena | M838: Joni Hyytiä | N838: Match Report | P838: =IF(I838<>"","Giocata","Futura") -> Giocata | Q838: =VALUE(LEFT(I838,1)) -> 3 | R838: =VALUE(RIGHT(I838,1)) -> 0 | S838: =SUM(Q838:R838) -> 3 | T838: =IF(Q838<>R838,1,0) -> 1 | U838: =IF(S838<=4,1,0) -> 1 | V838: =IF(AND(T838=1,U838=1),1,0) -> 1 | W838: =IF(S838>=2,1,0) -> 1 | X838: =IF(Q838<=2,1,0) -> 0 | Y838: =IF(AND(Q838>=1,Q838<=3),1,0) -> 1 | Z838: =IF(AND(Q838>=2,Q838<=5),1,0) -> 1 | AA838: =IF(S838<=2,1,0) -> 0 | AB838: =IF(AND(S838>=1,S838<=3),1,0) -> 1 | AC838: =IF(AND(S838>=2,S838<=5),1,0) -> 1 | AD838: =IF(AND(S838>=1,S838<=4),1,0) -> 1 | AE838: =IF(AND(S838>=2,S838<=5),1,0) -> 1
A839: =A838+1 -> 839 | B839: Allsvenskan | C839: 46226.661 | D839: 15 | E839: Wed | F839: 46162 | G839: 20:00 (19:00) | H839: GAIS | I839: 2–0 | J839: Hammarby | K839: 10153 | L839: Salon Urheilupuisto Stadion | M839: Mohammed Al Hakim | N839: Match Report | P839: =IF(I839<>"","Giocata","Futura") -> Giocata | Q839: =VALUE(LEFT(I839,1)) -> 2 | R839: =VALUE(RIGHT(I839,1)) -> 0 | S839: =SUM(Q839:R839) -> 2 | T839: =IF(Q839<>R839,1,0) -> 1 | U839: =IF(S839<=4,1,0) -> 1 | V839: =IF(AND(T839=1,U839=1),1,0) -> 1 | W839: =IF(S839>=2,1,0) -> 1 | X839: =IF(Q839<=2,1,0) -> 1 | Y839: =IF(AND(Q839>=1,Q839<=3),1,0) -> 1 | Z839: =IF(AND(Q839>=2,Q839<=5),1,0) -> 1 | AA839: =IF(S839<=2,1,0) -> 1 | AB839: =IF(AND(S839>=1,S839<=3),1,0) -> 1 | AC839: =IF(AND(S839>=2,S839<=5),1,0) -> 1 | AD839: =IF(AND(S839>=1,S839<=4),1,0) -> 1 | AE839: =IF(AND(S839>=2,S839<=5),1,0) -> 1
A840: =A839+1 -> 840 | B840: Chinese | C840: 46226.661 | D840: 13 | E840: Wed | F840: 46162 | G840: 19:35 (13:35) | H840: Shanghai Shen | I840: 2–2 | J840: Wuhan 3 Towns | K840: 28857 | L840: Shanghai Stadium | M840: Zhang Yangfan | N840: Match Report | P840: =IF(I840<>"","Giocata","Futura") -> Giocata | Q840: =VALUE(LEFT(I840,1)) -> 2 | R840: =VALUE(RIGHT(I840,1)) -> 2 | S840: =SUM(Q840:R840) -> 4 | T840: =IF(Q840<>R840,1,0) -> 0 | U840: =IF(S840<=4,1,0) -> 1 | V840: =IF(AND(T840=1,U840=1),1,0) -> 0 | W840: =IF(S840>=2,1,0) -> 1 | X840: =IF(Q840<=2,1,0) -> 1 | Y840: =IF(AND(Q840>=1,Q840<=3),1,0) -> 1 | Z840: =IF(AND(Q840>=2,Q840<=5),1,0) -> 1 | AA840: =IF(S840<=2,1,0) -> 0 | AB840: =IF(AND(S840>=1,S840<=3),1,0) -> 0 | AC840: =IF(AND(S840>=2,S840<=5),1,0) -> 1 | AD840: =IF(AND(S840>=1,S840<=4),1,0) -> 1 | AE840: =IF(AND(S840>=2,S840<=5),1,0) -> 1
A841: =A840+1 -> 841 | B841: Chinese | C841: 46226.661 | D841: 13 | E841: Wed | F841: 46162 | G841: 19:00 (13:00) | H841: Shenyang Urban | I841: 2–1 | J841: Qingdao Hainiu | K841: 17520 | L841: Tiexi Stadium | M841: Yi Huang | N841: Match Report | P841: =IF(I841<>"","Giocata","Futura") -> Giocata | Q841: =VALUE(LEFT(I841,1)) -> 2 | R841: =VALUE(RIGHT(I841,1)) -> 1 | S841: =SUM(Q841:R841) -> 3 | T841: =IF(Q841<>R841,1,0) -> 1 | U841: =IF(S841<=4,1,0) -> 1 | V841: =IF(AND(T841=1,U841=1),1,0) -> 1 | W841: =IF(S841>=2,1,0) -> 1 | X841: =IF(Q841<=2,1,0) -> 1 | Y841: =IF(AND(Q841>=1,Q841<=3),1,0) -> 1 | Z841: =IF(AND(Q841>=2,Q841<=5),1,0) -> 1 | AA841: =IF(S841<=2,1,0) -> 0 | AB841: =IF(AND(S841>=1,S841<=3),1,0) -> 1 | AC841: =IF(AND(S841>=2,S841<=5),1,0) -> 1 | AD841: =IF(AND(S841>=1,S841<=4),1,0) -> 1 | AE841: =IF(AND(S841>=2,S841<=5),1,0) -> 1
A842: =A841+1 -> 842 | B842: Eliteserien | C842: 46226.661 | D842: 8 | E842: Wed | F842: 46162 | G842: 20:00 | H842: Aalesund | I842: 2–1 | J842: Brann | K842: 5003 | L842: Color Line Stadion | M842: Jørgen Haugen | N842: Match Report | P842: =IF(I842<>"","Giocata","Futura") -> Giocata | Q842: =VALUE(LEFT(I842,1)) -> 2 | R842: =VALUE(RIGHT(I842,1)) -> 1 | S842: =SUM(Q842:R842) -> 3 | T842: =IF(Q842<>R842,1,0) -> 1 | U842: =IF(S842<=4,1,0) -> 1 | V842: =IF(AND(T842=1,U842=1),1,0) -> 1 | W842: =IF(S842>=2,1,0) -> 1 | X842: =IF(Q842<=2,1,0) -> 1 | Y842: =IF(AND(Q842>=1,Q842<=3),1,0) -> 1 | Z842: =IF(AND(Q842>=2,Q842<=5),1,0) -> 1 | AA842: =IF(S842<=2,1,0) -> 0 | AB842: =IF(AND(S842>=1,S842<=3),1,0) -> 1 | AC842: =IF(AND(S842>=2,S842<=5),1,0) -> 1 | AD842: =IF(AND(S842>=1,S842<=4),1,0) -> 1 | AE842: =IF(AND(S842>=2,S842<=5),1,0) -> 1
...

Sheet Classifica
A1: Campionato | B1: Rk | C1: Squad | D1: MP | E1: W | F1: D | G1: L | H1: GF | I1: GA | J1: GD | K1: Pts | L1: Pts/MP | M1: Last 5 | N1: Attendance | O1: Top Team Scorer | P1: Goalkeeper | Q1: Notes | R1: Rk
A2: Allsvenskan | B2: 1 | C2: Sirius | D2: 12 | E2: 10 | F2: 2 | G2: 0 | H2: 33 | I2: 15 | J2: 18 | K2: 32 | L2: 2.67 | M2: W W W D W | N2: 9213 | O2: Robbie Ure - 12 | P2: David Celic | R2: 1
A3: Allsvenskan | B3: 2 | C3: Hammarby | D3: 13 | E3: 7 | F3: 2 | G3: 4 | H3: 28 | I3: 14 | J3: 14 | K3: 23 | L3: 1.77 | M3: L L L W W | N3: 26096 | O3: Paulos Abraham - 7 | P3: Warner Hahn | R3: 2
A4: Allsvenskan | B4: 3 | C4: AIK Stockholm | D4: 13 | E4: 6 | F4: 3 | G4: 4 | H4: 18 | I4: 18 | J4: 0 | K4: 21 | L4: 1.62 | M4: W L W W W | N4: 33123 | O4: Johan Hove - 4 | P4: Kristoffer Nordfeldt | R4: 3
A5: Allsvenskan | B5: 4 | C5: BK Häcken | D5: 12 | E5: 5 | F5: 5 | G5: 2 | H5: 25 | I5: 22 | J5: 3 | K5: 20 | L5: 1.67 | M5: W D W L L | N5: 5398 | O5: Gustav Lindgren - 5 | P5: Andreas Linde | R5: 4
A6: Allsvenskan | B6: 5 | C6: Djurgården | D6: 11 | E6: 6 | F6: 1 | G6: 4 | H6: 26 | I6: 15 | J6: 11 | K6: 19 | L6: 1.73 | M6: W L L W W | N6: 23861 | O6: Kristian Strømland Lien - 7 | P6: Jacob Rinne | R6: 5
A7: Allsvenskan | B7: 6 | C7: Malmö | D7: 12 | E7: 6 | F7: 1 | G7: 5 | H7: 25 | I7: 20 | J7: 5 | K7: 19 | L7: 1.58 | M7: L L W W W | N7: 18728 | O7: Erik Botheim - 10 | P7: Robin Olsen | R7: 6
A8: Allsvenskan | B8: 7 | C8: GAIS | D8: 14 | E8: 5 | F8: 4 | G8: 5 | H8: 18 | I8: 14 | J8: 4 | K8: 19 | L8: 1.36 | M8: L W D W L | N8: 11339 | O8: Samuel Salter, Robert Þorkelsson - 3 | P8: Mergim Krasniqi | R8: 7
A9: Allsvenskan | B9: 8 | C9: Västerås | D9: 13 | E9: 5 | F9: 4 | G9: 4 | H9: 22 | I9: 23 | J9: -1 | K9: 19 | L9: 1.46 | M9: W L W W D | N9: 7046 | O9: Mikkel Ladefoged - 9 | P9: Elis Jäger | R9: 8
A10: Allsvenskan | B10: 9 | C10: Elfsborg | D10: 13 | E10: 4 | F10: 6 | G10: 3 | H10: 17 | I10: 14 | J10: 3 | K10: 18 | L10: 1.38 | M10: D D D L L | N10: 9364 | O10: Leo Östman - 4 | P10: Isak Pettersson | R10: 9
A11: Allsvenskan | B11: 10 | C11: Mjällby | D11: 13 | E11: 4 | F11: 5 | G11: 4 | H11: 19 | I11: 17 | J11: 2 | K11: 17 | L11: 1.31 | M11: D D D L D | N11: 4509 | O11: Jacob Bergström - 5 | P11: Robin Wallinder | R11: 10
A12: Allsvenskan | B12: 11 | C12: Brommapojkarna | D12: 13 | E12: 4 | F12: 4 | G12: 5 | H12: 18 | I12: 21 | J12: -3 | K12: 16 | L12: 1.23 | M12: W D D L L | N12: 2055 | O12: Mads Hansen - 4 | P12: Leo Cavallius | R12: 11
A13: Allsvenskan | B13: 12 | C13: Kalmar | D13: 12 | E13: 4 | F13: 1 | G13: 7 | H13: 14 | I13: 17 | J13: -3 | K13: 13 | L13: 1.08 | M13: L W L W L | N13: 4835 | O13: Charlie Rosenquist - 5 | P13: Samuel Brolin, Jakob Kindberg | R13: 12
... A17: Allsvenskan | B17: 16 | C17: Halmstad | D17: 12 | E17: 1 | F17: 3 | G17: 8 | H17: 10 | I17: 26 | J17: -16 | K17: 6 | L17: 0.5 | M17: D W L L L | N17: 5517 | O17: Omar Faraj - 3 | P17: Tim Rönning | R17: 16
A18: Austria Bundesliga | B18: 1 | C18: LASK | D18: 0 | E18: 0 | F18: 0 | G18: 0 | H18: 0 | I18: 0 | J18: 0 | K18: 0 | R18: 1
A19: Austria Bundesliga | B19: 2 | C19: Sturm Graz | D19: 0 | E19: 0 | F19: 0 | G19: 0 | H19: 0 | I19: 0 | J19: 0 | K19: 0 | R19: 2
A20: Austria Bundesliga | B20: 3 | C20: Rapid Wien | D20: 0 | E20: 0 | F20: 0 | G20: 0 | H20: 0 | I20: 0 | J20: 0 | K20: 0 | R20: 3
A21: Austria Bundesliga | B21: 4 | C21: Austria Wien | D21: 0 | E21: 0 | F21: 0 | G21: 0 | H21: 0 | I21: 0 | J21: 0 | K21: 0 | R21: 4
A22: Austria Bundesliga | B22: 5 | C22: RB Salzburg | D22: 0 | E22: 0 | F22: 0 | G22: 0 | H22: 0 | I22: 0 | J22: 0 | K22: 0 | R22: 5
A23: Austria Bundesliga | B23: 6 | C23: Grazer AK | D23: 0 | E23: 0 | F23: 0 | G23: 0 | H23: 0 | I23: 0 | J23: 0 | K23: 0 | R23: 6
A24: Austria Bundesliga
A25: Austria Bundesliga | B25: 7 | C25: Ried | D25: 0 | E25: 0 | F25: 0 | G25: 0 | H25: 0 | I25: 0 | J25: 0 | K25: 0 | R25: 7
A26: Austria Bundesliga | B26: 8 | C26: WSG Tirol | D26: 0 | E26: 0 | F26: 0 | G26: 0 | H26: 0 | I26: 0 | J26: 0 | K26: 0 | R26: 8
A27: Austria Bundesliga | B27: 9 | C27: Austria Lustenau | D27: 0 | E27: 0 | F27: 0 | G27: 0 | H27: 0 | I27: 0 | J27: 0 | K27: 0 | R27: 9
A28: Austria Bundesliga | B28: 10 | C28: Rheindorf Altach | D28: 0 | E28: 0 | F28: 0 | G28: 0 | H28: 0 | I28: 0 | J28: 0 | K28: 0 | R28: 10
A29: Austria Bundesliga | B29: 11 | C29: RZ Pellets WAC | D29: 0 | E29: 0 | F29: 0 | G29: 0 | H29: 0 | I29: 0 | J29: 0 | K29: 0 | R29: 11
A30: Austria Bundesliga | B30: 12 | C30: Hartberg | D30: 0 | E30: 0 | F30: 0 | G30: 0 | H30: 0 | I30: 0 | J30: 0 | K30: 0 | R30: 12
A31: Chinese Super League | B31: 1 | C31: Rongcheng | D31: 19 | E31: 13 | F31: 4 | G31: 2 | H31: 39 | I31: 18 | J31: 21 | K31: 43 | L31: 2.26 | M31: W W D D D | N31: 41363 | O31: Felipe Sousa - 11 | P31: Liu Dianzuo | R31: 1
A32: Chinese Super League | B32: 2 | C32: Chongqing | D32: 19 | E32: 7 | F32: 8 | G32: 4 | H32: 23 | I32: 21 | J32: 2 | K32: 29 | L32: 1.53 | M32: L W L D D | N32: 37364 | O32: Landry Dimata - 7 | P32: Yao Haoyang | R32: 2
A33: Chinese Super League | B33: 3 | C33: Dalian Yingbo | D33: 18 | E33: 9 | F33: 1 | G33: 8 | H33: 28 | I33: 32 | J33: -4 | K33: 28 | L33: 1.56 | M33: W L L W W | N33: 61036 | O33: Cephas Malele - 8 | P33: Huang Zihao | R33: 3
A34: Chinese Super League | B34: 4 | C34: Q. West Coast | D34: 19 | E34: 5 | F34: 10 | G34: 4 | H34: 23 | I34: 29 | J34: -6 | K34: 25 | L34: 1.32 | M34: D W W L D | N34: 15742 | O34: Nelson - 8 | P34: Li Hao | R34: 4
A35: Chinese Super League | B35: 5 | C35: Yunnan Yukun | D35: 19 | E35: 7 | F35: 4 | G35: 8 | H35: 36 | I35: 35 | J35: 1 | K35: 25 | L35: 1.32 | M35: D L W L D | N35: 20848 | O35: Oscar Maritu - 13 | P35: Wang Zhifeng | R35: 5
A36: Chinese Super League | B36: 6 | C36: SD Taishan | D36: 19 | E36: 9 | F36: 3 | G36: 7 | H36: 35 | I36: 34 | J36: 1 | K36: 30 | L36: 1.58 | M36: L W L W L | N36: 27400 | O36: Cryzan - 11 | P36: Wang Dalei | R36: 6
A37: Chinese Super League | B37: 7 | C37: Beijing Guoan | D37: 18 | E37: 7 | F37: 6 | G37: 5 | H37: 30 | I37: 24 | J37: 6 | K37: 27 | L37: 1.5 | M37: L W W W D | N37: 48689 | O37: Zhang Yuning - 7 | P37: Hou Sen | R37: 7
A38: Chinese Super League | B38: 8 | C38: Shenyang Urban | D38: 18 | E38: 6 | F38: 3 | G38: 9 | H38: 25 | I38: 30 | J38: -5 | K38: 21 | L38: 1.17 | M38: W W L W D | N38: 28082 | O38: Guy Mbenza - 9 | P38: Han Rongze, Zhang Yan | R38: 8
A39: Chinese Super League | B39: 9 | C39: Zhejiang | D39: 19 | E39: 7 | F39: 5 | G39: 7 | H39: 27 | I39: 32 | J39: -5 | K39: 26 | L39: 1.37 | M39: W L L W D | N39: 23933 | O39: Wang Yudong - 7 | P39: Zhao Bo | R39: 9
A40: Chinese Super League | B40: 10 | C40: SZ Peng City | D40: 19 | E40: 6 | F40: 2 | G40: 11 | H40: 25 | I40: 33 | J40: -8 | K40: 20 | L40: 1.05 | M40: W L L W L | N40: 20437 | O40: Wesley Moraes - 8 | P40: Peng Peng | R40: 10
A41: Chinese Super League | B41: 11 | C41: Shanghai Shen | D41: 18 | E41: 8 | F41: 5 | G41: 5 | H41: 36 | I41: 29 | J41: 7 | K41: 29 | L41: 1.61 | M41: L D W W L | N41: 41129 | O41: Rafael Ratão - 13 | P41: Xue Qinghao | R41: 11
A42: Chinese Super League | B42: 12 | C42: Henan | D42: 18 | E42: 7 | F42: 3 | G42: 8 | H42: 23 | I42: 23 | J42: 0 | K42: 24 | L42: 1.33 | M42: W L L L W | N42: 19136 | O42: Bruno Nazário, Gustavo - 7 | P42: Wang Guoming | R42: 12
... A46: Chinese Super League | B46: 16 | C46: Wuhan 3 Towns | D46: 18 | E46: 3 | F46: 7 | G46: 8 | H46: 26 | I46: 34 | J46: -8 | K46: 16 | L46: 0.89 | M46: D D L L W | N46: 19494 | O46: Jhonder Cádiz - 13 | P46: Fang Jingqi | R46: 16
A47: Danish Superliga | B47: 1 | C47: FC Copenhagen | D47: 0 | E47: 0 | F47: 0 | G47: 0 | H47: 0 | I47: 0 | J47: 0 | K47: 0 | R47: 1
A48: Danish Superliga | B48: 2 | C48: Viborg | D48: 0 | E48: 0 | F48: 0 | G48: 0 | H48: 0 | I48: 0 | J48: 0 | K48: 0 | R48: 2
A49: Danish Superliga | B49: 3 | C49: Brøndby | D49: 0 | E49: 0 | F49: 0 | G49: 0 | H49: 0 | I49: 0 | J49: 0 | K49: 0 | R49: 3
A50: Danish Superliga | B50: 4 | C50: Randers | D50: 0 | E50: 0 | F50: 0 | G50: 0 | H50: 0 | I50: 0 | J50: 0 | K50: 0 | R50: 4
A51: Danish Superliga | B51: 5 | C51: Nordsjælland | D51: 0 | E51: 0 | F51: 0 | G51: 0 | H51: 0 | I51: 0 | J51: 0 | K51: 0 | R51: 5
A52: Danish Superliga | B52: 6 | C52: Midtjylland | D52: 0 | E52: 0 | F52: 0 | G52: 0 | H52: 0 | I52: 0 | J52: 0 | K52: 0 | R52: 6
A53: Danish Superliga
A54: Danish Superliga | B54: 7 | C54: AGF | D54: 0 | E54: 0 | F54: 0 | G54: 0 | H54: 0 | I54: 0 | J54: 0 | K54: 0 | R54: 7
A55: Danish Superliga | B55: 8 | C55: Odense | D55: 0 | E55: 0 | F55: 0 | G55: 0 | H55: 0 | I55: 0 | J55: 0 | K55: 0 | R55: 8
A56: Danish Superliga | B56: 9 | C56: SønderjyskE | D56: 0 | E56: 0 | F56: 0 | G56: 0 | H56: 0 | I56: 0 | J56: 0 | K56: 0 | R56: 9
A57: Danish Superliga | B57: 10 | C57: Lyngby | D57: 0 | E57: 0 | F57: 0 | G57: 0 | H57: 0 | I57: 0 | J57: 0 | K57: 0 | R57: 10
A58: Danish Superliga | B58: 11 | C58: Horsens | D58: 0 | E58: 0 | F58: 0 | G58: 0 | H58: 0 | I58: 0 | J58: 0 | K58: 0 | R58: 11
A59: Danish Superliga | B59: 12 | C59: Silkeborg | D59: 0 | E59: 0 | F59: 0 | G59: 0 | H59: 0 | I59: 0 | J59: 0 | K59: 0 | R59: 12
A60: Eliteserien | B60: 1 | C60: Tromsø | D60: 15 | E60: 9 | F60: 4 | G60: 2 | H60: 26 | I60: 15 | J60: 11 | K60: 31 | L60: 2.07 | M60: L D D W W | N60: 5164 | O60: Jens Hjertø-Dahl - 7 | P60: Jakob Haugaard | R60: 1
A61: Eliteserien | B61: 2 | C61: Viking | D61: 12 | E61: 10 | F61: 0 | G61: 2 | H61: 31 | I61: 12 | J61: 19 | K61: 30 | L61: 2.5 | M61: W W W L W | N61: 15821 | O61: Peter Christiansen - 6 | P61: Ľubomír Belko | R61: 2
A62: Eliteserien | B62: 3 | C62: Bodø/Glimt | D62: 13 | E62: 9 | F62: 2 | G62: 2 | H62: 31 | I62: 11 | J62: 20 | K62: 29 | L62: 2.23 | M62: W W D W W | N62: 6831 | O62: Kasper Waarst Høgh - 7 | P62: Nikita Haikin | R62: 3
A63: Eliteserien | B63: 4 | C63: Lillestrøm | D63: 13 | E63: 8 | F63: 1 | G63: 4 | H63: 21 | I63: 12 | J63: 9 | K63: 25 | L63: 1.92 | M63: W L L W W | N63: 7830 | O63: Thomas Lehne Olsen, Markus Karlsbakk... - 4 | P63: Pontus Dahlberg | R63: 4
A64: Eliteserien | B64: 5 | C64: Molde | D64: 13 | E64: 6 | F64: 2 | G64: 5 | H64: 21 | I64: 17 | J64: 4 | K64: 20 | L64: 1.54 | M64: W L W D L | N64: 6747 | O64: Emil Breivik - 6 | P64: Albert Posiadala | R64: 5
A65: Eliteserien | B65: 6 | C65: Brann | D65: 14 | E65: 6 | F65: 1 | G65: 7 | H65: 28 | I65: 22 | J65: 6 | K65: 19 | L65: 1.36 | M65: L L L W W | N65: 15690 | O65: Noah Holm - 5 | P65: Mathias Dyngeland, Simen Nilsen | R65: 6
A66: Eliteserien | B66: 7 | C66: HamKam | D66: 12 | E66: 5 | F66: 3 | G66: 4 | H66: 20 | I66: 22 | J66: -2 | K66: 18 | L66: 1.5 | M66: L W D D L | N66: 4594 | O66: Mame Alassane Niang - 6 | P66: Marcus Sandberg | R66: 7
A67: Eliteserien | B67: 8 | C67: Sarpsborg 08 | D67: 13 | E67: 5 | F67: 3 | G67: 5 | H67: 14 | I67: 16 | J67: -2 | K67: 18 | L67: 1.38 | M67: L W W W D | N67: 5786 | O67: Daniel Karlsbakk - 4 | P67: Mamour Ndiaye | R67: 8
A68: Eliteserien | B68: 9 | C68: Vålerenga | D68: 13 | E68: 5 | F68: 2 | G68: 6 | H68: 19 | I68: 22 | J68: -3 | K68: 17 | L68: 1.31 | M68: W L W L W | N68: 10482 | O68: Lucas Haren - 5 | P68: Oscar Hedvall | R68: 9
A69: Eliteserien | B69: 10 | C69: Rosenborg | D69: 13 | E69: 4 | F69: 3 | G69: 6 | H69: 15 | I69: 18 | J69: -3 | K69: 15 | L69: 1.15 | M69: L L D W W | N69: 13410 | O69: Amin Chiakha - 5 | P69: Leopold Wahlstedt | R69: 10
A70: Eliteserien | B70: 11 | C70: Sandefjord | D70: 13 | E70: 4 | F70: 3 | G70: 6 | H70: 13 | I70: 17 | J70: -4 | K70: 15 | L70: 1.15 | M70: L D L D L | N70: 4153 | O70: Evangelos Patoulidis, Nikolaj Moller - 3 | P70: Elias Hadaya | R70: 11
A71: Eliteserien | B71: 12 | C71: Fredrikstad | D71: 13 | E71: 4 | F71: 2 | G71: 7 | H71: 15 | I71: 23 | J71: -8 | K71: 14 | L71: 1.08 | M71: W D W L L | N71: 8721 | O71: Daniel Eid, Oskar Øhlenschlæger... - 2 | P71: Martin Børsheim | R71: 12
... A85: Ireland Premier Division | B85: 10 | C85: Sligo Rovers | D85: 24 | E85: 5 | F85: 5 | G85: 14 | H85: 20 | I85: 40 | J85: -20 | K85: 20 | L85: 0.83 | M85: L L D L L | N85: 2665 | O85: William Fitzgerald - 5 | P85: Sam Sargeant | R85: 10
A86: J1 League | B86: 1 | C86: Kashima Antlers | D86: 38 | E86: 23 | F86: 7 | G86: 8 | H86: 58 | I86: 31 | J86: 27 | K86: 76 | L86: 2 | N86: 27401 | O86: Leonardo - 21 | P86: Tomoki Hayakawa | R86: 1
A87: J1 League | B87: 2 | C87: Kashiwa Reysol | D87: 38 | E87: 21 | F87: 12 | G87: 5 | H87: 60 | I87: 34 | J87: 26 | K87: 75 | L87: 1.97 | N87: 13017 | O87: Mao Hosoya - 11 | P87: Ryosuke Kojima | R87: 2
A88: J1 League | B88: 3 | C88: Kyoto Sanga | D88: 38 | E88: 19 | F88: 11 | G88: 8 | H88: 62 | I88: 40 | J88: 22 | K88: 68 | L88: 1.79 | N88: 16538 | O88: Rafael Elias - 18 | P88: Gakuji Ota | R88: 3
A89: J1 League | B89: 4 | C89: Sanf. Hiroshima | D89: 38 | E89: 20 | F89: 8 | G89: 10 | H89: 46 | I89: 28 | J89: 18 | K89: 68 | L89: 1.79 | N89: 25585 | O89: Sota Nakamura, Kosuke Kinoshita - 6 | P89: Keisuke Ōsako | R89: 4
A90: J1 League | B90: 5 | C90: Vissel Kobe | D90: 38 | E90: 18 | F90: 10 | G90: 10 | H90: 46 | I90: 33 | J90: 13 | K90: 64 | L90: 1.68 | N90: 21099 | O90: Taisei Miyashiro - 11 | P90: Daiya Maekawa | R90: 5
A91: J1 League | B91: 6 | C91: Machida Zelvia | D91: 38 | E91: 17 | F91: 9 | G91: 12 | H91: 52 | I91: 38 | J91: 14 | K91: 60 | L91: 1.58 | N91: 14018 | O91: Yuki Soma - 9 | P91: Kosei Tani | R91: 6
A92: J1 League | B92: 7 | C92: Urawa Reds | D92: 38 | E92: 16 | F92: 11 | G92: 11 | H92: 45 | I92: 39 | J92: 6 | K92: 59 | L92: 1.55 | N92: 37350 | O92: Ryoma Watanabe - 7 | P92: Shusaku Nishikawa | R92: 7
A93: J1 League | B93: 8 | C93: Kawasaki F. | D93: 38 | E93: 15 | F93: 12 | G93: 11 | H93: 67 | I93: 57 | J93: 10 | K93: 57 | L93: 1.5 | N93: 22050 | O93: Tatsuya Ito - 13 | P93: Louis Yamaguchi | R93: 8
A94: J1 League | B94: 9 | C94: Gamba Osaka | D94: 38 | E94: 17 | F94: 6 | G94: 15 | H94: 53 | I94: 55 | J94: -2 | K94: 57 | L94: 1.5 | N94: 29862 | O94: Takashi Usami - 8 | P94: Jun Ichimori | R94: 9
A95: J1 League | B95: 10 | C95: Cerezo Osaka | D95: 38 | E95: 14 | F95: 10 | G95: 14 | H95: 60 | I95: 57 | J95: 3 | K95: 52 | L95: 1.37 | N95: 18654 | O95: Rafael Ratão - 18 | P95: Koki Fukui | R95: 10
A96: J1 League | B96: 11 | C96: FC Tokyo | D96: 38 | E96: 13 | F96: 11 | G96: 14 | H96: 41 | I96: 48 | J96: -7 | K96: 50 | L96: 1.32 | N96: 31590 | O96: Marcelo Ryan - 8 | P96: Taishi Nozawa | R96: 11
A97: J1 League | B97: 12 | C97: Avispa Fukuoka | D97: 38 | E97: 12 | F97: 12 | G97: 14 | H97: 34 | I97: 38 | J97: -4 | K97: 48 | L97: 1.26 | N97: 10031 | O97: Tomoya Miki - 6 | P97: Yuma Obata | R97: 12
... A102: J1 League | B102: 17 | C102: Tokyo Verdy | D102: 38 | E102: 11 | F102: 10 | G102: 17 | H102: 23 | I102: 41 | J102: -18 | K102: 43 | L102: 1.13 | N102: 21121 | O102: Itsuki Someno - 5 | P102: Matheus Vidotto | R102: 17
A103: J1 League | B103: 18 | C103: Yokohama FC | D103: 38 | E103: 9 | F103: 8 | G103: 21 | H103: 27 | I103: 45 | J103: -18 | K103: 35 | L103: 0.92 | N103: 10159 | O103: Soromon Sakuragawa - 4 | P103: Akinori Ichikawa | Q103: Relegated | R103: 18
A104: J1 League | B104: 19 | C104: Shonan Bellmare | D104: 38 | E104: 8 | F104: 8 | G104: 22 | H104: 36 | I104: 63 | J104: -27 | K104: 32 | L104: 0.84 | N104: 11430 | O104: Akito Suzuki - 9 | P104: Naoto Kamifukumoto | Q104: Relegated | R104: 19
A105: J1 League | B105: 20 | C105: Albirex Niigata | D105: 38 | E105: 4 | F105: 12 | G105: 22 | H105: 36 | I105: 67 | J105: -31 | K105: 24 | L105: 0.63 | N105: 22601 | O105: Motoki Hasegawa - 7 | P105: Kazuki Fujita | Q105: Relegated | R105: 20
A106: K League 1 | B106: 1 | C106: FC Seoul | D106: 17 | E106: 11 | F106: 3 | G106: 3 | H106: 28 | I106: 12 | J106: 16 | K106: 36 | L106: 2.12 | M106: L W W W D | N106: 23686 | O106: Patryk Klimala - 5 | P106: Gu Sung-yun | R106: 1
A107: K League 1 | B107: 2 | C107: Gangwon FC | D107: 18 | E107: 8 | F107: 7 | G107: 3 | H107: 23 | I107: 11 | J107: 12 | K107: 31 | L107: 1.72 | M107: W W W D W | N107: 6564 | O107: Kim Daewon - 7 | P107: Park Chung-hyo | R107: 2
A108: K League 1 | B108: 3 | C108: Jeonbuk | D108: 18 | E108: 8 | F108: 5 | G108: 5 | H108: 25 | I108: 16 | J108: 9 | K108: 29 | L108: 1.61 | M108: D W L W L | N108: 17225 | O108: Lee Seung-woo - 5 | P108: Song Bum-keun | R108: 3
A109: K League 1 | B109: 4 | C109: Ulsan HD | D109: 18 | E109: 8 | F109: 4 | G109: 6 | H109: 26 | I109: 26 | J109: 0 | K109: 28 | L109: 1.56 | M109: W L D L D | N109: 12167 | O109: Yago Cariello - 8 | P109: Jo Hyeon-woo | R109: 4
A110: K League 1 | B110: 5 | C110: Pohang Steelers | D110: 18 | E110: 8 | F110: 4 | G110: 6 | H110: 19 | I110: 16 | J110: 3 | K110: 28 | L110: 1.56 | M110: W L W W L | N110: 7309 | O110: Lee Hojae - 8 | P110: Hwang Injae | R110: 5
A111: K League 1 | B111: 6 | C111: Incheon United | D111: 18 | E111: 7 | F111: 3 | G111: 8 | H111: 22 | I111: 19 | J111: 3 | K111: 24 | L111: 1.33 | M111: L W L L W | N111: 10519 | O111: Stefan Mugoša - 7 | P111: Kim Dongheon | R111: 6
A112: K League 1
A113: K League 1 | B113: 7 | C113: FC Anyang | D113: 17 | E113: 5 | F113: 8 | G113: 4 | H113: 22 | I113: 19 | J113: 3 | K113: 23 | L113: 1.35 | M113: D D W L W | N113: 8305 | O113: Matheus Oliveira Santos, Airton - 5 | P113: Kim JeongHoon | R113: 7
A114: K League 1 | B114: 8 | C114: Jeju United | D114: 18 | E114: 6 | F114: 5 | G114: 7 | H114: 16 | I114: 18 | J114: -2 | K114: 23 | L114: 1.28 | M114: L L D D W | N114: 5612 | O114: Park Changjun, Emerson Negueba - 2 | P114: Kim Dong-jun | R114: 8
A115: K League 1 | B115: 9 | C115: Daejeon Hana | D115: 18 | E115: 4 | F115: 7 | G115: 7 | H115: 21 | I115: 20 | J115: 1 | K115: 19 | L115: 1.06 | M115: L L D D D | N115: 8968 | O115: Jeong Jae-hee, Seo Jinsu - 4 | P115: Lee Chang-keun | R115: 9
A116: K League 1 | B116: 10 | C116: Bucheon FC | D116: 17 | E116: 4 | F116: 7 | G116: 6 | H116: 14 | I116: 18 | J116: -4 | K116: 19 | L116: 1.12 | M116: L D W D D | N116: 7127 | O116: Jefferson Galego - 4 | P116: Kim Hyung-keun | R116: 10
A117: K League 1 | B117: 11 | C117: Sangmu | D117: 18 | E117: 2 | F117: 10 | G117: 6 | H117: 17 | I117: 25 | J117: -8 | K117: 16 | L117: 0.89 | M117: D L D D L | N117: 2253 | O117: Go Jaehyeon - 5 | P117: Baek Jongbum | Q117: Relegated 1 | R117: 11
A118: K League 1 | B118: 12 | C118: Gwangju FC | D118: 17 | E118: 1 | F118: 5 | G118: 11 | H118: 8 | I118: 41 | J118: -33 | K118: 8 | L118: 0.47 | M118: D L L D L | N118: 4264 | O118: Sin Chang-moo, Moon Minseo - 3 | P118: Kim Kyeong-min | R118: 12
A119: Veikkausliiga | B119: 1 | C119: KuPS | D119: 16 | E119: 9 | F119: 6 | G119: 1 | H119: 29 | I119: 15 | J119: 14 | K119: 33 | L119: 2.06 | M119: D W W W W | N119: 3090 | O119: Jaime Moreno Ciorciari - 9 | P119: Johannes Kreidl | R119: 1
A120: Veikkausliiga | B120: 2 | C120: Inter Turku | D120: 15 | E120: 8 | F120: 6 | G120: 1 | H120: 23 | I120: 12 | J120: 11 | K120: 30 | L120: 2 | M120: D D D D W | N120: 3553 | O120: Alie Conteh - 7 | P120: Eetu Huuhtanen | R120: 2
A121: Veikkausliiga | B121: 3 | C121: VPS | D121: 16 | E121: 7 | F121: 6 | G121: 3 | H121: 23 | I121: 13 | J121: 10 | K121: 27 | L121: 1.69 | M121: W D W W L | N121: 3114 | O121: Luka Smyth - 7 | P121: Mamadou Wurie Jalloh | R121: 3
A122: Veikkausliiga | B122: 4 | C122: AC Oulu | D122: 16 | E122: 8 | F122: 2 | G122: 6 | H122: 20 | I122: 20 | J122: 0 | K122: 26 | L122: 1.63 | M122: W L D L L | N122: 2100 | O122: Rasmus Karjalainen - 8 | P122: Miguel Santos | R122: 4
A123: Veikkausliiga | B123: 5 | C123: HJK Helsinki | D123: 16 | E123: 7 | F123: 4 | G123: 5 | H123: 27 | I123: 20 | J123: 7 | K123: 25 | L123: 1.56 | M123: D W L L W | N123: 5469 | O123: Mads Borchers - 7 | P123: Matej Marković | R123: 5
...
